nodeID,nodeUserID,nodeTime,actionType,videoID,platform
548542|1619699981462385,548542,2018-04-01 10:22:08,post,VLMOHhKkrX8,facebook
5465518|1679734395397774,5465518,2018-04-05 00:04:00,post,OBkn78q_t_Q,facebook
6119363|1782014748487422,6119363,2018-04-05 07:12:02,post,3wj4ncIEDxw,facebook
8621215|1596340410441820,8621215,2018-04-05 18:22:26,post,3wj4ncIEDxw,facebook
12041680|2070852329860194,12041680,2018-04-08 15:08:50,post,mvD7qhDwljs,facebook
10246413|1496241080498746,10246413,2018-04-08 15:09:17,post,mvD7qhDwljs,facebook
10210977|1868720533158638,10210977,2018-04-08 15:37:13,post,mvD7qhDwljs,facebook
10866419|2166692520022644,10866419,2018-04-08 15:56:45,post,mvD7qhDwljs,facebook
10251753|1368337423313111,10251753,2018-04-08 15:57:49,post,mvD7qhDwljs,facebook
19191146|1627392487368201,19191146,2018-04-08 16:02:03,post,mvD7qhDwljs,facebook
8998558|774184222789285,8998558,2018-04-08 16:03:06,post,mvD7qhDwljs,facebook
8550625|1639199452843488,8550625,2018-04-08 16:25:09,post,OBkn78q_t_Q,facebook
10136244|2063202933893421,10136244,2018-04-08 16:29:16,post,mvD7qhDwljs,facebook
8468006|993834727448752,8468006,2018-04-09 03:12:42,post,OI3-0xIcvgI,facebook
2904736|1454993594604495,2904736,2018-04-09 06:10:43,post,Jq4LEIO740A,facebook
16742090|2251254398225612,16742090,2018-04-09 11:22:28,post,Jq4LEIO740A,facebook
6726876|1688640034515902,6726876,2018-04-09 18:05:12,post,qtz76-SRX9k,facebook
18723148|2021830967831397,18723148,2018-04-09 22:06:55,post,H4b49ozKeWs,facebook
3430434|10156370850499797,3430434,2018-04-09 22:35:46,post,qT6IagQ7xos,facebook
15951534|2091564284434131,15951534,2018-04-10 10:02:11,post,o5ZeRxyc4h0,facebook
8504398|1676354769099646,8504398,2018-04-10 16:22:57,post,3vNwe7yKbwo,facebook
10935660|2035730496746668,10935660,2018-04-10 17:55:49,post,3vNwe7yKbwo,facebook
8941976|2041514669453876,8941976,2018-04-10 18:09:07,post,3vNwe7yKbwo,facebook
8490828|968937163284808,8490828,2018-04-10 18:37:56,post,8LnVHw96jFs,facebook
3314040|1636426396410582,3314040,2018-04-11 11:48:11,post,DvTx_EjHf5E,facebook
3050393|1061289374022386,3050393,2018-04-11 11:49:04,post,DvTx_EjHf5E,facebook
6689220|2262758600402830,6689220,2018-04-11 16:20:43,post,3vNwe7yKbwo,facebook
2418369|2107017256210464,2418369,2018-04-11 16:26:59,post,3vNwe7yKbwo,facebook
3419028|158088051551098,3419028,2018-04-11 17:03:34,post,3vNwe7yKbwo,facebook
6902438|2018988158426675,6902438,2018-04-11 20:50:11,post,UxJ4NhvHOb0,facebook
2134208|575753106139765,2134208,2018-04-11 21:55:19,post,3vNwe7yKbwo,facebook
1612933|1347336295368579,1612933,2018-04-11 22:42:13,post,DvTx_EjHf5E,facebook
1977501|1836395483066670,1977501,2018-04-12 09:12:14,post,pbe97rPRbWc,facebook
3314049|1429605333807763,3314049,2018-04-12 09:43:08,post,DvTx_EjHf5E,facebook
10126184|1664160963620124,10126184,2018-04-12 11:46:29,post,3vNwe7yKbwo,facebook
11274115|924966574328925,11274115,2018-04-12 11:51:12,post,3vNwe7yKbwo,facebook
4949669|1900956083268016,4949669,2018-04-12 11:55:44,post,3vNwe7yKbwo,facebook
10260291|1614867075257795,10260291,2018-04-12 13:36:19,post,wV75b-j2vIQ,facebook
11264293|855878457906587,11264293,2018-04-12 15:24:52,post,ijXYoBTHues,facebook
13013118|1866640736720556,13013118,2018-04-12 15:34:24,post,3vNwe7yKbwo,facebook
2871157|1589360277844468,2871157,2018-04-12 19:28:57,post,9M9PtP5x6fE,facebook
8112678|2125001444399018,8112678,2018-04-12 19:59:35,post,SvjTeuSKTW0,facebook
8112678|2125121607720335,8112678,2018-04-13 01:52:26,post,R6utDs1b_TU,facebook
2755520|2137818046258407,2755520,2018-04-13 06:45:51,post,EaREJpFHD_Q,facebook
8996186|607407546266311,8996186,2018-04-13 13:51:43,post,J2mWdvgCOqs,facebook
11771046|387957735015885,11771046,2018-04-13 16:52:59,post,ZNV1_ZGfQrc,facebook
10242319|158613581487374,10242319,2018-04-13 19:42:10,post,pbe97rPRbWc,facebook
8994062|2085737388377440,8994062,2018-04-13 21:05:46,post,3vNwe7yKbwo,facebook
5652145|2152550538312083,5652145,2018-04-13 23:15:07,post,NQL3rX6xWRg,facebook
17948826|2014666245215029,17948826,2018-04-14 01:30:00,post,qtz76-SRX9k,facebook
11383437|1530853500377443,11383437,2018-04-14 02:21:29,post,sBmWe5FnSCc,facebook
4662063|784552668403744,4662063,2018-04-14 04:44:27,post,5k6hSS6xBTw,facebook
4662063|784560418402969,4662063,2018-04-14 05:21:47,post,5k6hSS6xBTw,facebook
8321456|1978451532167554,8321456,2018-04-14 05:52:30,post,SvjTeuSKTW0,facebook
1966996|1829068140732476,1966996,2018-04-14 05:53:41,post,sBmWe5FnSCc,facebook
10130074|1637533149693627,10130074,2018-04-14 05:53:41,post,SvjTeuSKTW0,facebook
8526179|1328681987276373,8526179,2018-04-14 06:05:45,post,SvjTeuSKTW0,facebook
1627316|2071361202925934,1627316,2018-04-14 08:04:00,post,wV75b-j2vIQ,facebook
15696356|1868415939844582,15696356,2018-04-14 09:56:09,post,jNIp1lZwJts,facebook
1967480|1662679207151156,1967480,2018-04-14 10:40:21,post,sBmWe5FnSCc,facebook
2893499|1756864927693190,2893499,2018-04-14 11:00:01,post,R6utDs1b_TU,facebook
1627316|2071363642925690,1627316,2018-04-14 11:07:00,post,NQL3rX6xWRg,facebook
8995570|186859492112838,8995570,2018-04-14 17:44:37,post,Jq4LEIO740A,facebook
3431648|2118641531757674,3431648,2018-04-14 17:54:21,post,8ypVX_8jqms,facebook
8523728|2125702850994502,8523728,2018-04-14 18:29:28,post,wV75b-j2vIQ,facebook
5642601|2169783823257754,5642601,2018-04-14 18:31:21,post,5k6hSS6xBTw,facebook
12288415|594436920897239,12288415,2018-04-14 21:14:30,post,b8bIupYSZeU,facebook
6115940|2027565197508906,6115940,2018-04-14 22:07:01,post,sBmWe5FnSCc,facebook
7653103|817228371799906,7653103,2018-04-14 22:07:28,post,sBmWe5FnSCc,facebook
8551138|1610550589000353,8551138,2018-04-14 22:35:24,post,3vNwe7yKbwo,facebook
7865751|1304987882935632,7865751,2018-04-14 22:35:35,post,3vNwe7yKbwo,facebook
7655119|803721293146871,7655119,2018-04-14 22:35:50,post,3vNwe7yKbwo,facebook
6874844|1685517991541963,6874844,2018-04-15 00:44:27,post,J2mWdvgCOqs,facebook
6874922|1700029556749050,6874922,2018-04-15 00:46:42,post,J2mWdvgCOqs,facebook
7653508|1517823524992784,7653508,2018-04-15 00:47:34,post,J2mWdvgCOqs,facebook
7652333|1360497167427781,7652333,2018-04-15 00:50:00,post,J2mWdvgCOqs,facebook
10126184|1666627106706843,10126184,2018-04-15 00:53:23,post,J2mWdvgCOqs,facebook
1966996|1829430724029551,1966996,2018-04-15 00:58:31,post,J2mWdvgCOqs,facebook
16271437|1698449806858456,16271437,2018-04-15 02:34:15,post,J2mWdvgCOqs,facebook
3629724|1798647480196922,3629724,2018-04-15 02:49:42,post,HZBxfFyZOUg,facebook
13181188|697390153985551,13181188,2018-04-15 03:14:35,post,tvVaG10AEI0,facebook
2292688|1377895658978282,2292688,2018-04-15 06:34:51,post,tvVaG10AEI0,facebook
1627316|2071362372925817,1627316,2018-04-15 09:06:00,post,hZmY9YDqsgU,facebook
12913946|226320114588126,12913946,2018-04-15 09:08:38,post,sBmWe5FnSCc,facebook
2628838|1773538926087740,2628838,2018-04-15 09:44:23,post,tvVaG10AEI0,facebook
780744|1645674578815383,780744,2018-04-15 09:48:57,post,3HCFol7g-FU,facebook
2374930|1618393931611997,2374930,2018-04-15 11:19:22,post,3vNwe7yKbwo,facebook
2374930|1618394344945289,2374930,2018-04-15 11:19:44,post,3vNwe7yKbwo,facebook
4100037|1971504969589530,4100037,2018-04-15 11:31:13,post,tvVaG10AEI0,facebook
8523286|1876878295720736,8523286,2018-04-15 12:44:23,post,sBmWe5FnSCc,facebook
6640419|1679365672171552,6640419,2018-04-15 13:57:39,post,tvVaG10AEI0,facebook
8993327|2045947335623950,8993327,2018-04-15 14:20:33,post,3vNwe7yKbwo,facebook
1953463|1576283985753830,1953463,2018-04-15 14:59:18,post,_Bj5VLVscko,facebook
10127500|698175093906739,10127500,2018-04-15 15:03:14,post,tvVaG10AEI0,facebook
8995570|187283752070412,8995570,2018-04-15 15:04:10,post,tvVaG10AEI0,facebook
8116421|2033437793572139,8116421,2018-04-15 15:43:21,post,tvVaG10AEI0,facebook
7652449|887407311383898,7652449,2018-04-15 18:39:13,post,tvVaG10AEI0,facebook
2904736|1461034210667100,2904736,2018-04-15 19:31:42,post,sBmWe5FnSCc,facebook
5480827|1886015644776766,5480827,2018-04-15 20:02:56,post,3vNwe7yKbwo,facebook
2392561|1665950256857066,2392561,2018-04-15 20:24:41,post,tvVaG10AEI0,facebook
8112657|1684715791564354,8112657,2018-04-15 21:53:34,post,NQL3rX6xWRg,facebook
8993613|2239152086126863,8993613,2018-04-15 22:40:52,post,3vNwe7yKbwo,facebook
6119363|1792879844067579,6119363,2018-04-15 22:52:23,post,3wj4ncIEDxw,facebook
12609960|1788348414557971,12609960,2018-04-15 23:11:47,post,lC7ZxdFzdzQ,facebook
8995214|10157308933944746,8995214,2018-04-15 23:24:39,post,3vNwe7yKbwo,facebook
8523286|1877749735633592,8523286,2018-04-15 23:24:55,post,3vNwe7yKbwo,facebook
7940512|1663814603656311,7940512,2018-04-16 01:01:06,post,3vNwe7yKbwo,facebook
8838475|1032028000312021,8838475,2018-04-16 01:24:21,post,nG0VEaPFsQY,facebook
8999959|883242848519358,8999959,2018-04-16 02:08:38,post,tvVaG10AEI0,facebook
3865318|10156406133651942,3865318,2018-04-16 03:02:26,post,3vNwe7yKbwo,facebook
7648474|1728887087147946,7648474,2018-04-16 03:20:21,post,3vNwe7yKbwo,facebook
9107399|1670616999683937,9107399,2018-04-16 07:51:30,post,3vNwe7yKbwo,facebook
7848825|172097633451920,7848825,2018-04-16 08:12:24,post,3vNwe7yKbwo,facebook
5478711|1785795901441737,5478711,2018-04-16 08:50:21,post,3vNwe7yKbwo,facebook
10969913|2094277817470772,10969913,2018-04-16 09:00:51,post,3vNwe7yKbwo,facebook
7811349|2038101499776692,7811349,2018-04-16 09:04:53,post,ijXYoBTHues,facebook
1906451|1944624909184080,1906451,2018-04-16 09:05:17,post,ijXYoBTHues,facebook
1967480|1664599070292503,1967480,2018-04-16 09:05:43,post,ijXYoBTHues,facebook
10969913|2094287627469791,10969913,2018-04-16 09:33:32,post,3vNwe7yKbwo,facebook
3534516|2028929394041678,3534516,2018-04-16 10:01:53,post,sBmWe5FnSCc,facebook
10122981|883773498499245,10122981,2018-04-16 12:51:05,post,tvVaG10AEI0,facebook
8997242|1629532810501602,8997242,2018-04-16 14:00:34,post,tvVaG10AEI0,facebook
10122981|883812781828650,10122981,2018-04-16 14:40:04,post,tvVaG10AEI0,facebook
7602553|1951966211509777,7602553,2018-04-16 14:41:09,post,3vNwe7yKbwo,facebook
10255660|2059327921010179,10255660,2018-04-16 16:32:55,post,sBmWe5FnSCc,facebook
8997242|1629715237150026,8997242,2018-04-16 17:51:03,post,3vNwe7yKbwo,facebook
6601801|2188996074719900,6601801,2018-04-16 18:50:45,post,NQL3rX6xWRg,facebook
4961689|1670135336405482,4961689,2018-04-16 19:56:13,post,3wj4ncIEDxw,facebook
50|1819148898149850,50,2018-04-16 21:08:06,post,tvVaG10AEI0,facebook
8776739|873061516232161,8776739,2018-04-16 23:37:31,post,3vNwe7yKbwo,facebook
3141968|995824627231562,3141968,2018-04-17 01:06:01,post,lC7ZxdFzdzQ,facebook
8526179|1333046300173275,8526179,2018-04-17 03:07:02,post,3vNwe7yKbwo,facebook
10811599|941216409371574,10811599,2018-04-17 05:24:27,post,tvVaG10AEI0,facebook
9172330|2323502577667334,9172330,2018-04-17 08:33:08,post,tvVaG10AEI0,facebook
10972233|2125859541031388,10972233,2018-04-17 08:33:19,post,tvVaG10AEI0,facebook
10152348|2095092047447071,10152348,2018-04-17 08:33:44,post,tvVaG10AEI0,facebook
10129900|1679940502098393,10129900,2018-04-17 09:55:46,post,NQL3rX6xWRg,facebook
10193683|1755731491162709,10193683,2018-04-17 12:58:07,post,Es7oBV6b43Y,facebook
2292681|1945313045486999,2292681,2018-04-17 14:40:03,post,wV75b-j2vIQ,facebook
7846115|914728798705640,7846115,2018-04-17 18:17:25,post,NupaxXozSCE,facebook
4662063|786215648237446,4662063,2018-04-17 18:17:37,post,NupaxXozSCE,facebook
8525871|2074025922610782,8525871,2018-04-17 18:18:37,post,NupaxXozSCE,facebook
8994686|393149267820614,8994686,2018-04-17 18:18:54,post,NupaxXozSCE,facebook
8994469|773283382857515,8994469,2018-04-17 18:19:07,post,NupaxXozSCE,facebook
8520105|917134118466730,8520105,2018-04-17 18:21:06,post,NupaxXozSCE,facebook
8996889|1813948478671243,8996889,2018-04-17 18:21:21,post,NupaxXozSCE,facebook
7842680|834876483364452,7842680,2018-04-17 18:22:46,post,NupaxXozSCE,facebook
15826401|1660966547320271,15826401,2018-04-17 18:23:16,post,NupaxXozSCE,facebook
7656559|1666815173371639,7656559,2018-04-17 18:23:43,post,NupaxXozSCE,facebook
2292687|1681601638594482,2292687,2018-04-17 22:46:14,post,JcUwPJFxRDQ,facebook
12391175|1373402676138308,12391175,2018-04-17 22:46:40,post,JcUwPJFxRDQ,facebook
4961689|1671322752953407,4961689,2018-04-18 03:16:19,post,2kX5IFgBWFM,facebook
8525793|453064871815256,8525793,2018-04-18 08:09:45,post,NQL3rX6xWRg,facebook
8523286|1880755135333052,8523286,2018-04-18 09:20:50,post,NQL3rX6xWRg,facebook
2292687|1682013748553271,2292687,2018-04-18 10:08:52,post,LjTw4UEzySw,facebook
9000686|1807468102888219,9000686,2018-04-18 11:09:37,post,3vNwe7yKbwo,facebook
8997695|164734227477802,8997695,2018-04-18 14:24:58,post,7R2QhK0-Pe8,facebook
13268703|731911533683801,13268703,2018-04-18 21:27:27,post,lKiiKtEcx9Q,facebook
2292687|1682659985155314,2292687,2018-04-19 01:28:35,post,9hRy7BPWooo,facebook
12391175|1374098939402015,12391175,2018-04-19 01:29:10,post,9hRy7BPWooo,facebook
9030311|1248401268637252,9030311,2018-04-19 02:17:17,post,ZWxQHPwoNMk,facebook
9032377|992735460879391,9032377,2018-04-19 02:17:24,post,ZWxQHPwoNMk,facebook
8994910|1924056141000181,8994910,2018-04-19 02:33:44,post,3vNwe7yKbwo,facebook
10814240|786141711583843,10814240,2018-04-19 02:55:58,post,lKiiKtEcx9Q,facebook
16548407|1821040977916389,16548407,2018-04-19 08:15:14,post,3tIupmpY7IA,facebook
12749312|1701471569935023,12749312,2018-04-19 08:15:48,post,tvVaG10AEI0,facebook
12749312|1701486349933545,12749312,2018-04-19 08:44:15,post,3vNwe7yKbwo,facebook
1977501|1843560462350172,1977501,2018-04-19 09:20:32,post,RqNoDQn9LXY,facebook
2387759|2087483794798789,2387759,2018-04-19 09:20:58,post,RqNoDQn9LXY,facebook
9037151|2012659435419179,9037151,2018-04-19 10:05:28,post,Oau4Nkg2yzc,facebook
6977212|1872802359451855,6977212,2018-04-19 13:00:01,post,b8bIupYSZeU,facebook
8997242|1632648553523361,8997242,2018-04-19 15:16:41,post,0ZzE6JLChEQ,facebook
7650248|10155173927716459,7650248,2018-04-19 15:19:26,post,WPGG3P14WWk,facebook
15161525|1692834580806528,15161525,2018-04-19 19:02:40,post,WPGG3P14WWk,facebook
10129248|991775834318384,10129248,2018-04-19 19:06:16,post,WPGG3P14WWk,facebook
12923526|996095697233722,12923526,2018-04-19 19:48:43,post,3vNwe7yKbwo,facebook
1912224|2259797824034273,1912224,2018-04-19 21:05:22,post,0ZzE6JLChEQ,facebook
7427189|2081384225440424,7427189,2018-04-19 21:45:13,post,5jCHvtVpdfQ,facebook
14930099|2042156566058758,14930099,2018-04-19 23:00:37,post,WPGG3P14WWk,facebook
12090654|1832214500168137,12090654,2018-04-20 07:10:05,post,AcbIwXDtSYw,facebook
8997990|2169430383291498,8997990,2018-04-20 10:14:10,post,0ZzE6JLChEQ,facebook
9743809|2394219507470359,9743809,2018-04-20 10:30:00,post,3wj4ncIEDxw,facebook
12852499|1638040362898044,12852499,2018-04-20 12:46:22,post,WPGG3P14WWk,facebook
10796541|1616007558495119,10796541,2018-04-20 15:37:57,post,WPGG3P14WWk,facebook
14198136|1873853945998483,14198136,2018-04-20 15:55:22,post,yaZRZo9FGQI,facebook
8421575|2058855194383202,8421575,2018-04-20 16:33:30,post,yaZRZo9FGQI,facebook
16072822|2102895533313321,16072822,2018-04-20 16:46:29,post,yaZRZo9FGQI,facebook
14317622|1963254280656657,14317622,2018-04-20 18:01:11,post,yaZRZo9FGQI,facebook
7645461|196839807790170,7645461,2018-04-20 20:07:02,post,yaZRZo9FGQI,facebook
10260291|1623120847765751,10260291,2018-04-20 20:11:33,post,Jq4LEIO740A,facebook
12534737|1649046735148897,12534737,2018-04-20 23:22:54,post,yaZRZo9FGQI,facebook
1798686|2004469113146882,1798686,2018-04-21 03:14:15,post,0ZzE6JLChEQ,facebook
1404489|1236717319764895,1404489,2018-04-21 05:35:53,post,yaZRZo9FGQI,facebook
8998185|241879209691054,8998185,2018-04-21 07:30:06,post,WPGG3P14WWk,facebook
3436078|1818377524880013,3436078,2018-04-21 09:30:53,post,yaZRZo9FGQI,facebook
8936728|842586025946737,8936728,2018-04-21 16:41:38,post,9rOL7fYyRQo,facebook
12922995|1680146025415701,12922995,2018-04-21 17:27:52,post,3vNwe7yKbwo,facebook
12922995|1680146025415701,12922995,2018-04-21 17:27:52,post,9rOL7fYyRQo,facebook
12922995|1680146025415701,12922995,2018-04-21 17:27:52,post,OBkn78q_t_Q,facebook
12922995|1680146025415701,12922995,2018-04-21 17:27:52,post,vpfz7srLYzs,facebook
12922995|1680146025415701,12922995,2018-04-21 17:27:52,post,Jq4LEIO740A,facebook
12922995|1680146025415701,12922995,2018-04-21 17:27:52,post,sBmWe5FnSCc,facebook
8511437|1656365487792351,8511437,2018-04-21 19:03:15,post,pEL4pZFE0Ig,facebook
8511437|1656365487792351,8511437,2018-04-21 19:03:15,post,9rOL7fYyRQo,facebook
8511437|1656389774456589,8511437,2018-04-21 19:34:53,post,EG6gb31VJHA,facebook
5957297|1028041447352217,5957297,2018-04-21 22:46:46,post,0ZzE6JLChEQ,facebook
12399648|374047356434148,12399648,2018-04-22 03:00:00,post,yaZRZo9FGQI,facebook
3286190|2125913744293589,3286190,2018-04-22 03:04:46,post,yaZRZo9FGQI,facebook
8997242|1635382319916651,8997242,2018-04-22 05:38:36,post,DCu8mNC1JyE,facebook
8509289|1833387590026727,8509289,2018-04-22 05:39:11,post,lKiiKtEcx9Q,facebook
8550581|236448423570976,8550581,2018-04-22 05:40:59,post,lKiiKtEcx9Q,facebook
7865751|1310969082337512,7865751,2018-04-22 05:43:04,post,lKiiKtEcx9Q,facebook
8509470|1716900378377128,8509470,2018-04-22 05:43:41,post,lKiiKtEcx9Q,facebook
2919261|2044564165795810,2919261,2018-04-22 05:44:05,post,lKiiKtEcx9Q,facebook
8993813|961371220705975,8993813,2018-04-22 05:44:22,post,lKiiKtEcx9Q,facebook
7504637|1658293357600416,7504637,2018-04-22 05:44:44,post,lKiiKtEcx9Q,facebook
8509243|2053545264912285,8509243,2018-04-22 05:45:03,post,lKiiKtEcx9Q,facebook
8550326|595042727539316,8550326,2018-04-22 05:47:23,post,lKiiKtEcx9Q,facebook
7842301|641729162832809,7842301,2018-04-22 05:48:14,post,lKiiKtEcx9Q,facebook
8496883|1949655058679440,8496883,2018-04-22 05:51:24,post,lKiiKtEcx9Q,facebook
8496883|1949655722012707,8496883,2018-04-22 05:54:18,post,lKiiKtEcx9Q,facebook
8550864|2097511263853624,8550864,2018-04-22 05:55:59,post,DCu8mNC1JyE,facebook
8624433|2038503003039887,8624433,2018-04-22 05:58:39,post,lKiiKtEcx9Q,facebook
8509290|591044154604251,8509290,2018-04-22 05:58:57,post,lKiiKtEcx9Q,facebook
8525793|454890371632706,8525793,2018-04-22 06:07:16,post,lKiiKtEcx9Q,facebook
1626538|602057310135769,1626538,2018-04-22 06:07:28,post,lKiiKtEcx9Q,facebook
7811326|914277772082746,7811326,2018-04-22 06:16:24,post,lKiiKtEcx9Q,facebook
7655119|806666089519058,7655119,2018-04-22 06:55:56,post,lKiiKtEcx9Q,facebook
7857838|1804049216568338,7857838,2018-04-22 06:56:59,post,DCu8mNC1JyE,facebook
2508778|1860456810914504,2508778,2018-04-22 06:58:27,post,DCu8mNC1JyE,facebook
7845238|10155443908450737,7845238,2018-04-22 06:59:15,post,DCu8mNC1JyE,facebook
7652254|1652819044753182,7652254,2018-04-22 07:02:25,post,DCu8mNC1JyE,facebook
2748829|1892737547683967,2748829,2018-04-22 07:13:03,post,DCu8mNC1JyE,facebook
8488188|1837325299635579,8488188,2018-04-22 07:13:54,post,OBkn78q_t_Q,facebook
8488188|1837325299635579,8488188,2018-04-22 07:13:54,post,8aAaReVn2I4,facebook
12504501|429492417521643,12504501,2018-04-22 07:24:36,post,DCu8mNC1JyE,facebook
8551099|2573284552897672,8551099,2018-04-22 07:29:56,post,DCu8mNC1JyE,facebook
10131837|2113763338664142,10131837,2018-04-22 07:30:35,post,DCu8mNC1JyE,facebook
8996371|185847012045798,8996371,2018-04-22 07:51:02,post,DCu8mNC1JyE,facebook
8509517|1676596809122048,8509517,2018-04-22 07:59:05,post,DCu8mNC1JyE,facebook
389|1443885422383221,389,2018-04-22 08:38:15,post,DCu8mNC1JyE,facebook
7707498|2132751226807477,7707498,2018-04-22 08:43:44,post,DCu8mNC1JyE,facebook
8701619|1995831600736090,8701619,2018-04-22 09:56:04,post,DCu8mNC1JyE,facebook
10171860|1810599895667472,10171860,2018-04-22 10:32:05,post,yaZRZo9FGQI,facebook
2508798|850026048524322,2508798,2018-04-22 11:22:27,post,DCu8mNC1JyE,facebook
8997695|165735254044366,8997695,2018-04-22 11:49:21,post,DCu8mNC1JyE,facebook
1966996|1832543360384954,1966996,2018-04-22 13:43:04,post,DCu8mNC1JyE,facebook
8521126|1051917888299249,8521126,2018-04-22 13:44:57,post,DCu8mNC1JyE,facebook
10154093|2029486977316532,10154093,2018-04-22 13:59:10,post,0ZzE6JLChEQ,facebook
295881|1558414580924607,295881,2018-04-22 14:09:06,post,DCu8mNC1JyE,facebook
7866666|10157282476999097,7866666,2018-04-22 14:33:38,post,DCu8mNC1JyE,facebook
8671285|2069826273237658,8671285,2018-04-22 15:10:24,post,DCu8mNC1JyE,facebook
8550318|1742081895880865,8550318,2018-04-22 15:35:22,post,DCu8mNC1JyE,facebook
5481389|10155705963784480,5481389,2018-04-22 15:54:12,post,3vNwe7yKbwo,facebook
10773778|370625463436175,10773778,2018-04-22 15:57:55,post,pEL4pZFE0Ig,facebook
7851396|2058983770782401,7851396,2018-04-22 16:03:12,post,lKiiKtEcx9Q,facebook
7259469|2057963781193080,7259469,2018-04-22 16:37:14,post,DCu8mNC1JyE,facebook
7852728|10156044661431223,7852728,2018-04-22 16:39:33,post,DCu8mNC1JyE,facebook
8552075|434346823674795,8552075,2018-04-22 17:35:21,post,DCu8mNC1JyE,facebook
7651529|1673380196043333,7651529,2018-04-22 17:42:01,post,DCu8mNC1JyE,facebook
6656780|1697416666979566,6656780,2018-04-22 17:55:43,post,pEL4pZFE0Ig,facebook
2748829|1892712664353122,2748829,2018-04-22 19:50:01,post,lKiiKtEcx9Q,facebook
16708944|1734181876675886,16708944,2018-04-22 19:57:00,post,DCu8mNC1JyE,facebook
8995673|1665349460208555,8995673,2018-04-22 20:10:14,post,DCu8mNC1JyE,facebook
8480872|1039833292821016,8480872,2018-04-22 20:12:04,post,DCu8mNC1JyE,facebook
11048088|1582938128470207,11048088,2018-04-22 20:35:49,post,DCu8mNC1JyE,facebook
5480333|1656860421017452,5480333,2018-04-22 20:50:24,post,DCu8mNC1JyE,facebook
7861908|2081396432139328,7861908,2018-04-22 21:11:55,post,DCu8mNC1JyE,facebook
7861908|2081396522139319,7861908,2018-04-22 21:12:17,post,DCu8mNC1JyE,facebook
2919261|2044905962428297,2919261,2018-04-22 21:12:59,post,DCu8mNC1JyE,facebook
665749|1616158798501101,665749,2018-04-22 21:50:29,post,npJbbAKyUTk,facebook
8776689|1958042837574490,8776689,2018-04-22 21:55:03,post,DCu8mNC1JyE,facebook
2508798|850257235167870,2508798,2018-04-22 22:21:55,post,DCu8mNC1JyE,facebook
8509511|599740150392668,8509511,2018-04-22 22:23:54,post,DCu8mNC1JyE,facebook
312767|756329974562350,312767,2018-04-22 23:16:31,post,DCu8mNC1JyE,facebook
2508798|850284608498466,2508798,2018-04-23 00:13:09,post,DCu8mNC1JyE,facebook
7650248|10155180460131459,7650248,2018-04-23 00:26:03,post,DCu8mNC1JyE,facebook
10797670|626320781037673,10797670,2018-04-23 00:35:24,post,DCu8mNC1JyE,facebook
7646502|1642003432579861,7646502,2018-04-23 00:42:38,post,yaZRZo9FGQI,facebook
7848825|173757226619294,7848825,2018-04-23 00:43:32,post,yaZRZo9FGQI,facebook
7646502|1642004215913116,7646502,2018-04-23 00:43:33,post,yaZRZo9FGQI,facebook
8550555|1816662938384711,8550555,2018-04-23 00:59:12,post,lKiiKtEcx9Q,facebook
10973660|2030868463797790,10973660,2018-04-23 01:19:21,post,DCu8mNC1JyE,facebook
10143343|1669207823194450,10143343,2018-04-23 01:19:33,post,DCu8mNC1JyE,facebook
9752604|326242407900276,9752604,2018-04-23 01:24:43,post,DCu8mNC1JyE,facebook
7845763|2034424930129428,7845763,2018-04-23 01:45:15,post,DCu8mNC1JyE,facebook
10827827|883019155217524,10827827,2018-04-23 02:55:33,post,n6OhFiiI0a8,facebook
2508798|850327525160841,2508798,2018-04-23 02:58:50,post,DCu8mNC1JyE,facebook
8296497|2153300891351812,8296497,2018-04-23 03:57:57,post,8aAaReVn2I4,facebook
8999959|886545578189085,8999959,2018-04-23 05:21:18,post,0Wh1ppnkSag,facebook
841960|2141559039195414,841960,2018-04-23 05:37:40,post,DCu8mNC1JyE,facebook
2577666|1623700144392947,2577666,2018-04-23 07:53:02,post,DCu8mNC1JyE,facebook
8117952|10160185156120307,8117952,2018-04-23 09:22:24,post,bQUoGSzVbVU,facebook
8993151|1677916508964858,8993151,2018-04-23 09:23:51,post,bQUoGSzVbVU,facebook
19209864|574777266222507,19209864,2018-04-23 09:32:44,post,DCu8mNC1JyE,facebook
1966996|1832901340349156,1966996,2018-04-23 10:37:40,post,8xepXc4fw0U,facebook
8390831|2037082159867372,8390831,2018-04-23 12:13:10,post,DCu8mNC1JyE,facebook
8994910|1930074963731632,8994910,2018-04-23 14:27:42,post,DCu8mNC1JyE,facebook
295783|2124027824496721,295783,2018-04-23 14:44:28,post,DCu8mNC1JyE,facebook
7642784|10157349098146982,7642784,2018-04-23 15:13:34,post,DCu8mNC1JyE,facebook
10913385|1607725506000708,10913385,2018-04-23 15:15:46,post,JI7DZ6VtOCA,facebook
8994910|1930154260390369,8994910,2018-04-23 15:42:20,post,Ca-_YRiRsBk,facebook
15534384|691678677889796,15534384,2018-04-23 16:27:57,post,DCu8mNC1JyE,facebook
12090654|1835735886482665,12090654,2018-04-23 16:33:54,post,JI7DZ6VtOCA,facebook
7861908|2081795952099376,7861908,2018-04-23 17:38:28,post,DCu8mNC1JyE,facebook
6507331|2079111922326192,6507331,2018-04-23 19:58:57,post,DCu8mNC1JyE,facebook
7135359|388694134939095,7135359,2018-04-23 20:07:00,post,DCu8mNC1JyE,facebook
10164818|2316136681737282,10164818,2018-04-23 20:55:37,post,DCu8mNC1JyE,facebook
2919261|2045477199037840,2919261,2018-04-24 03:19:42,post,3vNwe7yKbwo,facebook
8550525|2036058500003062,8550525,2018-04-24 04:43:32,post,DCu8mNC1JyE,facebook
695311|10156434389383960,695311,2018-04-24 09:01:17,post,yaZRZo9FGQI,facebook
8993732|1714250338663301,8993732,2018-04-24 12:55:19,post,DCu8mNC1JyE,facebook
8524773|1983602978567522,8524773,2018-04-24 12:59:33,post,DCu8mNC1JyE,facebook
8996707|1760966637298415,8996707,2018-04-24 13:00:32,post,DCu8mNC1JyE,facebook
6179101|1434441646701433,6179101,2018-04-24 13:01:03,post,DCu8mNC1JyE,facebook
8521747|1484456665016191,8521747,2018-04-24 13:02:27,post,DCu8mNC1JyE,facebook
7869431|2032109383779308,7869431,2018-04-24 13:02:41,post,DCu8mNC1JyE,facebook
7650743|1527572684020106,7650743,2018-04-24 13:21:47,post,DCu8mNC1JyE,facebook
10129900|1687468798012230,10129900,2018-04-24 13:37:13,post,DCu8mNC1JyE,facebook
8558483|924244764425205,8558483,2018-04-24 13:53:48,post,DCu8mNC1JyE,facebook
14826787|2139612119606363,14826787,2018-04-24 16:11:01,post,yaZRZo9FGQI,facebook
8550180|443600409409458,8550180,2018-04-24 16:40:50,post,DCu8mNC1JyE,facebook
7655119|807713086081025,7655119,2018-04-24 19:24:32,post,DCu8mNC1JyE,facebook
8111815|928470634001074,8111815,2018-04-24 22:40:03,post,DCu8mNC1JyE,facebook
8702184|1372741302872175,8702184,2018-04-25 02:34:38,post,DCu8mNC1JyE,facebook
8550180|443741549395344,8550180,2018-04-25 02:35:52,post,DCu8mNC1JyE,facebook
7860378|619750028370970,7860378,2018-04-25 02:38:09,post,DCu8mNC1JyE,facebook
8485900|1778326942190780,8485900,2018-04-25 03:15:38,post,DCu8mNC1JyE,facebook
6617881|567722350261913,6617881,2018-04-25 15:39:23,post,yaZRZo9FGQI,facebook
4959486|789138391292586,4959486,2018-04-25 18:17:55,post,DCu8mNC1JyE,facebook
8550563|1873905109307379,8550563,2018-04-26 01:14:39,post,DCu8mNC1JyE,facebook
8552007|727724747617493,8552007,2018-04-26 01:15:59,post,DCu8mNC1JyE,facebook
6154187|2035965809988905,6154187,2018-04-26 01:51:19,post,DCu8mNC1JyE,facebook
9752698|570564726662172,9752698,2018-04-26 09:34:34,post,DCu8mNC1JyE,facebook
4662063|790403704485307,4662063,2018-04-26 11:34:03,post,3vNwe7yKbwo,facebook
10134563|2023380441207083,10134563,2018-04-26 21:10:21,post,0Wh1ppnkSag,facebook
7306478|1111733942302854,7306478,2018-04-26 23:15:17,post,DCu8mNC1JyE,facebook
8997242|1640673076054242,8997242,2018-04-27 05:47:35,post,DCu8mNC1JyE,facebook
8996397|2129976007222498,8996397,2018-04-27 07:19:20,post,yI2s9Ow2snE,facebook
8526179|1339483986196173,8526179,2018-04-27 07:47:19,post,yI2s9Ow2snE,facebook
1979738|1995517887187896,1979738,2018-04-27 08:36:34,post,wV75b-j2vIQ,facebook
51|1906880199322294,51,2018-04-27 10:19:08,post,WPGG3P14WWk,facebook
8998558|782932285247812,8998558,2018-04-27 10:28:56,post,DCu8mNC1JyE,facebook
8997753|458178791303889,8997753,2018-04-27 16:19:31,post,3vNwe7yKbwo,facebook
8998558|783071118567262,8998558,2018-04-27 16:31:34,post,DCu8mNC1JyE,facebook
2720062|1867095730002209,2720062,2018-04-27 18:04:41,post,-ilNuSh1Fgw,facebook
7645461|200970594043758,7645461,2018-04-27 21:41:16,post,DCu8mNC1JyE,facebook
3865318|10156433319116942,3865318,2018-04-28 03:09:17,post,DCu8mNC1JyE,facebook
8526179|1340809706063601,8526179,2018-04-29 09:49:06,post,DCu8mNC1JyE,facebook
11263740|10156012581234504,11263740,2018-04-29 14:51:25,post,DCu8mNC1JyE,facebook
7650578|10156375536978792,7650578,2018-04-29 14:52:26,post,DCu8mNC1JyE,facebook
7655836|1690186351061645,7655836,2018-04-29 14:53:01,post,DCu8mNC1JyE,facebook
2105375|2605883736117072,2105375,2018-04-29 14:54:13,post,3wj4ncIEDxw,facebook
4943847|837281406466802,4943847,2018-04-29 14:56:52,post,DCu8mNC1JyE,facebook
4949669|1919470311416593,4949669,2018-04-29 14:58:24,post,DCu8mNC1JyE,facebook
7836875|2049388471968745,7836875,2018-04-29 14:59:53,post,DCu8mNC1JyE,facebook
3339376|2116538155234140,3339376,2018-04-29 15:01:06,post,DCu8mNC1JyE,facebook
8772130|1681517458634301,8772130,2018-04-29 15:01:22,post,DCu8mNC1JyE,facebook
11261892|1632425700207106,11261892,2018-04-29 15:02:53,post,DCu8mNC1JyE,facebook
1373405|1698214110259595,1373405,2018-04-29 15:04:11,post,DCu8mNC1JyE,facebook
548542|1647844928647890,548542,2018-04-29 16:18:54,post,583duBtI06k,facebook
7649927|10160379234445080,7649927,2018-04-29 16:28:00,post,DCu8mNC1JyE,facebook
548667|1268197023216758,548667,2018-04-29 17:40:17,post,kcYUShwfQfs,facebook
12545388|404540733352823,12545388,2018-04-30 06:47:39,post,kcYUShwfQfs,facebook
2720062|1870303033014812,2720062,2018-04-30 18:02:03,post,-ilNuSh1Fgw,facebook
8996830|1553794208063384,8996830,2018-04-30 22:01:16,post,3vNwe7yKbwo,facebook
6383936|2026178480935143,6383936,2018-05-02 08:21:56,post,yaZRZo9FGQI,facebook
12920174|1851807281516243,12920174,2018-05-03 19:12:22,post,0EXtHoOi7_4,facebook
295783|2128970137335823,295783,2018-05-03 19:47:24,post,0EXtHoOi7_4,facebook
2457079|2056791111258619,2457079,2018-05-03 20:37:32,post,0EXtHoOi7_4,facebook
8140166|835692993287627,8140166,2018-05-03 20:51:34,post,0EXtHoOi7_4,facebook
5373202|1720775781369156,5373202,2018-05-03 23:03:10,post,0EXtHoOi7_4,facebook
1536380|1504409159664727,1536380,2018-05-04 05:39:57,post,0EXtHoOi7_4,facebook
2508798|855351297991797,2508798,2018-05-04 05:53:37,post,0EXtHoOi7_4,facebook
7861908|2086715248274113,7861908,2018-05-04 05:54:04,post,0EXtHoOi7_4,facebook
15455478|1588743774556224,15455478,2018-05-04 06:32:47,post,0EXtHoOi7_4,facebook
10122981|891999597676635,10122981,2018-05-04 09:54:44,post,0EXtHoOi7_4,facebook
1432886|1225421830922508,1432886,2018-05-04 11:10:31,post,0EXtHoOi7_4,facebook
8681839|1820797781296928,8681839,2018-05-04 12:55:23,post,0EXtHoOi7_4,facebook
7651700|1923255917686444,7651700,2018-05-04 13:23:30,post,JI7DZ6VtOCA,facebook
4417310|1698983850180855,4417310,2018-05-04 16:47:17,post,0EXtHoOi7_4,facebook
4417310|1698995866846320,4417310,2018-05-04 17:04:20,post,0EXtHoOi7_4,facebook
638107|1229807447154535,638107,2018-05-04 18:40:44,post,ghTb4kXaNTI,facebook
7853967|366527280512333,7853967,2018-05-04 19:35:18,post,JifBie5ZuuA,facebook
8509042|575269206206147,8509042,2018-05-04 20:06:04,post,0EXtHoOi7_4,facebook
1953463|1594034473978781,1953463,2018-05-04 20:21:04,post,X27B0yuazGo,facebook
1953463|1594034473978781,1953463,2018-05-04 20:21:04,post,0EXtHoOi7_4,facebook
10141277|1726432677403090,10141277,2018-05-04 20:22:07,post,DCu8mNC1JyE,facebook
8550318|1754675034621551,8550318,2018-05-04 20:25:11,post,0EXtHoOi7_4,facebook
11223117|1797845500522427,11223117,2018-05-04 20:32:00,post,JifBie5ZuuA,facebook
9000188|1766799123382504,9000188,2018-05-04 20:34:25,post,DCu8mNC1JyE,facebook
8117715|1708189575915017,8117715,2018-05-04 21:04:26,post,JifBie5ZuuA,facebook
12925830|2142499915763591,12925830,2018-05-04 21:05:17,post,N2JgopKUr7I,facebook
4957906|2086217248334071,4957906,2018-05-04 22:12:04,post,ijcA3LCKCl0,facebook
8998580|1528566207251693,8998580,2018-05-04 22:18:11,post,JifBie5ZuuA,facebook
13132647|1895714293825730,13132647,2018-05-05 00:27:03,post,0EXtHoOi7_4,facebook
13132647|1895714293825730,13132647,2018-05-05 00:27:03,post,X27B0yuazGo,facebook
638107|1229828890485724,638107,2018-05-05 04:00:01,post,ghTb4kXaNTI,facebook
2392561|1687423928043032,2392561,2018-05-05 08:00:00,post,JifBie5ZuuA,facebook
6902813|1884054491606839,6902813,2018-05-05 11:54:07,post,X27B0yuazGo,facebook
6902813|1884054491606839,6902813,2018-05-05 11:54:07,post,0EXtHoOi7_4,facebook
6712581|1244023922400721,6712581,2018-05-05 14:15:33,post,Qan6JmHv474,facebook
8550318|1755634161192305,8550318,2018-05-05 20:07:47,post,Ed-__3Vl_aY,facebook
9000686|1814861128815583,9000686,2018-05-05 22:41:51,post,DCu8mNC1JyE,facebook
12917487|1009386612554455,12917487,2018-05-06 04:00:53,post,0EXtHoOi7_4,facebook
13181188|708755762848990,13181188,2018-05-06 05:01:54,post,X27B0yuazGo,facebook
13181188|708755762848990,13181188,2018-05-06 05:01:54,post,0EXtHoOi7_4,facebook
1953463|1595818000467095,1953463,2018-05-06 19:51:29,post,JifBie5ZuuA,facebook
2292687|1700512076703438,2292687,2018-05-06 20:55:53,post,Ed-__3Vl_aY,facebook
12365535|1950232148333813,12365535,2018-05-07 07:07:13,post,Ed-__3Vl_aY,facebook
8116464|637426919928296,8116464,2018-05-07 07:36:53,post,Ed-__3Vl_aY,facebook
12918638|2105022726435047,12918638,2018-05-07 16:50:58,post,0EXtHoOi7_4,facebook
797227|1321035974708182,797227,2018-05-07 16:51:12,post,65iSdP1NGD4,facebook
11223117|1798975937076050,11223117,2018-05-07 17:22:58,post,65iSdP1NGD4,facebook
1518445|806571672867355,1518445,2018-05-07 17:30:43,post,65iSdP1NGD4,facebook
7650578|10156396754223792,7650578,2018-05-07 22:56:12,post,65iSdP1NGD4,facebook
8502441|963818533799360,8502441,2018-05-07 22:56:32,post,65iSdP1NGD4,facebook
7876481|2170881759808117,7876481,2018-05-07 23:01:55,post,65iSdP1NGD4,facebook
8997695|169507713667120,8997695,2018-05-08 09:37:00,post,rmiEyZ9anLQ,facebook
10196606|1817820858523795,10196606,2018-05-08 14:00:37,post,rmiEyZ9anLQ,facebook
2508798|857292061131054,2508798,2018-05-08 14:07:13,post,DCu8mNC1JyE,facebook
4949675|1001205363365832,4949675,2018-05-08 18:39:18,post,Qm3jlUy_EdI,facebook
2720062|1880312018680580,2720062,2018-05-09 15:00:01,post,-ilNuSh1Fgw,facebook
8993151|1694025650687277,8993151,2018-05-10 06:02:25,post,Ed-__3Vl_aY,facebook
3430434|10156447011509797,3430434,2018-05-10 07:00:00,post,qT6IagQ7xos,facebook
8296763|1717817971644873,8296763,2018-05-10 12:12:00,post,Qm3jlUy_EdI,facebook
8998026|1856680177711577,8998026,2018-05-10 12:54:26,post,DCu8mNC1JyE,facebook
10171400|1719284664827298,10171400,2018-05-10 12:54:43,post,DCu8mNC1JyE,facebook
10164994|985778031587779,10164994,2018-05-10 12:54:58,post,DCu8mNC1JyE,facebook
12925830|2148677248479191,12925830,2018-05-10 14:40:16,post,BBLSqpP11O8,facebook
79149|1836586166406325,79149,2018-05-10 15:09:00,post,Qm3jlUy_EdI,facebook
7656559|1687786704607819,7656559,2018-05-10 19:00:48,post,3vNwe7yKbwo,facebook
8057837|1300552270089638,8057837,2018-05-10 20:49:00,post,Qm3jlUy_EdI,facebook
8525117|10156359303726449,8525117,2018-05-11 04:08:57,post,DCu8mNC1JyE,facebook
8552006|1973259969353520,8552006,2018-05-11 04:11:17,post,DCu8mNC1JyE,facebook
2720062|1880315442013571,2720062,2018-05-12 15:00:00,post,-ilNuSh1Fgw,facebook
3430434|10156455259109797,3430434,2018-05-13 09:00:00,post,qT6IagQ7xos,facebook
3629724|1827308977330772,3629724,2018-05-13 19:38:40,post,su2H0CJ60Oo,facebook
3629724|1827308977330772,3629724,2018-05-13 19:38:40,post,Ed-__3Vl_aY,facebook
3430434|10156457637784797,3430434,2018-05-14 01:30:00,post,qT6IagQ7xos,facebook
10755541|392988367777560,10755541,2018-05-14 01:38:31,post,T_uY9eMm2qM,facebook
2292687|1707783222642990,2292687,2018-05-14 10:18:13,post,Ed-__3Vl_aY,facebook
3430434|10156460091259797,3430434,2018-05-15 05:00:01,post,qT6IagQ7xos,facebook
3430434|10156462306984797,3430434,2018-05-16 04:00:01,post,qT6IagQ7xos,facebook
2720062|1880371305341318,2720062,2018-05-16 23:00:09,post,-ilNuSh1Fgw,facebook
3430434|10156464449984797,3430434,2018-05-17 00:30:00,post,qT6IagQ7xos,facebook
3430434|10156464524274797,3430434,2018-05-17 04:30:00,post,qT6IagQ7xos,facebook
3430434|10156464535089797,3430434,2018-05-17 06:30:00,post,qT6IagQ7xos,facebook
3430434|10156465120624797,3430434,2018-05-17 08:00:17,post,qT6IagQ7xos,facebook
2720062|1889378654440583,2720062,2018-05-18 15:00:02,post,-ilNuSh1Fgw,facebook
8525793|468471356941274,8525793,2018-05-20 18:51:29,post,LOEbAji9AXI,facebook
10119699|1778633738864988,10119699,2018-05-21 08:37:12,post,2YAbkr3R-yU,facebook
2720062|1894861520558963,2720062,2018-05-22 18:01:54,post,-ilNuSh1Fgw,facebook
548542|1670853576347025,548542,2018-05-23 09:14:38,post,p3BfAy6QrqY,facebook
8485954|2116275751935101,8485954,2018-05-25 16:17:13,post,DCu8mNC1JyE,facebook
19316233|2432650450086335,19316233,2018-05-27 09:32:20,post,NWxo5W8pJLY,facebook
3920510|1767836766637751,3920510,2018-05-27 11:45:42,post,qT6IagQ7xos,facebook
12924174|963569777154625,12924174,2018-05-27 23:44:32,post,wx3I8S9ih1M,facebook
2014903|1699350560173088,2014903,2018-05-28 01:51:29,post,Qm3jlUy_EdI,facebook
2508798|867306800129580,2508798,2018-05-29 21:03:50,post,DTzwn5RBxD4,facebook
7259465|192000564785040,7259465,2018-05-30 09:13:13,post,HkHb0E3I80I,facebook
7861908|2099201613692143,7861908,2018-05-30 09:16:12,post,HkHb0E3I80I,facebook
7645461|219087082232109,7645461,2018-05-30 10:02:10,post,HkHb0E3I80I,facebook
7781004|1731715190198693,7781004,2018-05-30 10:57:43,post,HkHb0E3I80I,facebook
3235460|2161170657436303,3235460,2018-05-30 12:12:52,post,HkHb0E3I80I,facebook
8682062|588430848182350,8682062,2018-05-30 14:26:48,post,HkHb0E3I80I,facebook
295783|2141456382753865,295783,2018-05-30 15:29:35,post,HkHb0E3I80I,facebook
2508798|867850843408509,2508798,2018-05-30 15:52:32,post,HkHb0E3I80I,facebook
8550616|437470756716018,8550616,2018-05-30 15:52:41,post,HkHb0E3I80I,facebook
7861908|2099350213677283,7861908,2018-05-30 15:52:49,post,HkHb0E3I80I,facebook
8509431|388723724966915,8509431,2018-05-30 15:53:00,post,HkHb0E3I80I,facebook
8550604|199841677321996,8550604,2018-05-30 15:53:09,post,HkHb0E3I80I,facebook
8550525|2053121184963460,8550525,2018-05-30 19:13:31,post,HkHb0E3I80I,facebook
7650248|10155266833496459,7650248,2018-05-30 23:24:13,post,HkHb0E3I80I,facebook
2508798|868192240041036,2508798,2018-05-31 02:26:12,post,HkHb0E3I80I,facebook
8550616|437652710031156,8550616,2018-05-31 02:26:42,post,HkHb0E3I80I,facebook
7861908|2099548823657422,7861908,2018-05-31 02:26:58,post,HkHb0E3I80I,facebook
8509431|388913451614609,8509431,2018-05-31 02:27:10,post,HkHb0E3I80I,facebook
8550604|199958817310282,8550604,2018-05-31 02:27:22,post,HkHb0E3I80I,facebook
8550535|785556141641118,8550535,2018-05-31 02:27:35,post,HkHb0E3I80I,facebook
8496883|1972079423103670,8496883,2018-05-31 02:28:17,post,HkHb0E3I80I,facebook
7876308|1827243747580721,7876308,2018-05-31 02:28:46,post,HkHb0E3I80I,facebook
8485958|173152173361598,8485958,2018-05-31 02:29:01,post,HkHb0E3I80I,facebook
8702184|1396922453787393,8702184,2018-05-31 04:40:33,post,HkHb0E3I80I,facebook
1373628|1270027443100395,1373628,2018-05-31 04:46:13,post,HkHb0E3I80I,facebook
3707859|1743285219085661,3707859,2018-05-31 23:30:00,post,HkHb0E3I80I,facebook
9752766|2482820398410583,9752766,2018-06-01 01:18:55,post,HkHb0E3I80I,facebook
8509470|1756836257716873,8509470,2018-06-01 02:33:57,post,HkHb0E3I80I,facebook
8509470|1756862401047592,8509470,2018-06-01 03:08:21,post,HkHb0E3I80I,facebook
7851396|2102294816451296,7851396,2018-06-01 04:22:17,post,HkHb0E3I80I,facebook
8997332|1969631459716770,8997332,2018-06-01 10:46:01,post,HkHb0E3I80I,facebook
6154144|638311293177542,6154144,2018-06-02 01:30:03,post,HkHb0E3I80I,facebook
548542|1681709445261438,548542,2018-06-03 09:14:02,post,pEs3gfn-bkY,facebook
16999298|1015457275277386,16999298,2018-06-04 16:53:21,post,HkHb0E3I80I,facebook
8320194|760975317437175,8320194,2018-06-05 23:24:54,post,HkHb0E3I80I,facebook
12918183|1469543216484334,12918183,2018-06-07 21:42:17,post,DCu8mNC1JyE,facebook
10341833|10156009457783884,10341833,2018-06-08 12:55:11,post,qT6IagQ7xos,facebook
16480584|1959709424039807,16480584,2018-06-08 13:11:08,post,qT6IagQ7xos,facebook
7849234|1915931278441585,7849234,2018-06-10 23:01:11,post,DCu8mNC1JyE,facebook
548542|1695205033911879,548542,2018-06-15 07:21:08,post,37HYNZwgDjk,facebook
797227|1349866891825090,797227,2018-06-15 16:37:07,post,O31d9cRuKtE,facebook
12920990|641793399503629,12920990,2018-06-15 17:00:19,post,O31d9cRuKtE,facebook
14780077|2179841235364974,14780077,2018-06-15 18:30:14,post,O31d9cRuKtE,facebook
11383437|1593966627399463,11383437,2018-06-16 03:26:49,post,YP0qetIFOBM,facebook
12534737|1705972806122956,12534737,2018-06-16 16:57:34,post,O31d9cRuKtE,facebook
12921283|836120743248279,12921283,2018-06-16 19:12:09,post,YP0qetIFOBM,facebook
10125195|705577856279098,10125195,2018-06-17 02:53:00,post,O31d9cRuKtE,facebook
10136244|2104987889714925,10136244,2018-06-25 12:40:17,post,qdEC3ZY6J3I,facebook
10189561|1739582476148984,10189561,2018-06-25 12:43:04,post,qdEC3ZY6J3I,facebook
11624242|879740568878152,11624242,2018-06-25 12:54:10,post,qdEC3ZY6J3I,facebook
8523286|1979329788808919,8523286,2018-06-25 13:58:43,post,qdEC3ZY6J3I,facebook
9000686|1842869286014767,9000686,2018-06-26 05:49:25,post,qdEC3ZY6J3I,facebook
13273134|1761636153882542,13273134,2018-06-27 10:45:16,post,ytpt4sgoxYI,facebook
8997332|2011144372232145,8997332,2018-07-01 00:20:30,post,NupaxXozSCE,facebook
1912113|2208802029159775,1912113,2018-07-01 08:24:56,post,NupaxXozSCE,facebook
14930099|2087777761496638,14930099,2018-07-02 08:00:57,post,PGXAGlo2IpA,facebook
8997242|1719890871465795,8997242,2018-07-02 15:15:59,post,vPRagJKxED4,facebook
8995890|1821195524603240,8995890,2018-07-03 03:45:31,post,vPRagJKxED4,facebook
6622245|847306315458178,6622245,2018-07-03 05:46:29,post,NQL3rX6xWRg,facebook
6622245|847307868791356,6622245,2018-07-03 10:59:00,post,NQL3rX6xWRg,facebook
7654816|624773117908609,7654816,2018-07-03 11:54:17,post,vPRagJKxED4,facebook
6622245|847309682124508,6622245,2018-07-03 19:02:00,post,NQL3rX6xWRg,facebook
6622245|847310618791081,6622245,2018-07-04 12:00:02,post,NQL3rX6xWRg,facebook
6622245|847311105457699,6622245,2018-07-04 17:58:00,post,NQL3rX6xWRg,facebook
2637034|1784633204963555,2637034,2018-07-05 03:22:42,post,qT6IagQ7xos,facebook
6154178|2218038321758815,6154178,2018-07-05 18:36:41,post,vPRagJKxED4,facebook
7259472|884816105059933,7259472,2018-07-05 18:39:12,post,vPRagJKxED4,facebook
4959469|618846575160570,4959469,2018-07-05 18:39:34,post,vPRagJKxED4,facebook
548542|1731971623568553,548542,2018-07-09 07:13:01,post,Iy2hMApxruw,facebook
8526179|1400089253468979,8526179,2018-07-09 14:55:25,post,3vNwe7yKbwo,facebook
4694165|10156509366298630,4694165,2018-07-13 13:04:00,post,qT6IagQ7xos,facebook
2755520|2292960050744205,2755520,2018-07-16 14:57:43,post,3HCFol7g-FU,facebook
1798633|661288000957281,1798633,2018-07-16 15:04:58,post,3HCFol7g-FU,facebook
548542|1746255025473546,548542,2018-07-18 13:32:09,post,6N0EqWnAuLs,facebook
3195353|615782102128447,3195353,2018-07-18 14:33:08,post,6N0EqWnAuLs,facebook
12925875|1674523202670437,12925875,2018-07-22 04:44:42,post,6Wj6BPlcW8c,facebook
14966090|1806592102727757,14966090,2018-07-22 04:45:35,post,6Wj6BPlcW8c,facebook
7646502|1749579218488948,7646502,2018-07-22 12:33:02,post,6Wj6BPlcW8c,facebook
9000405|227249684571313,9000405,2018-07-22 14:51:11,post,G3YfniBHvrE,facebook
8997990|2234894046745131,8997990,2018-07-22 14:54:18,post,6Wj6BPlcW8c,facebook
7645822|10156471719309354,7645822,2018-07-22 15:59:18,post,6Wj6BPlcW8c,facebook
5661827|1765166850231366,5661827,2018-07-22 17:03:57,post,ZR6DnYay5J8,facebook
8553639|1940438442645007,8553639,2018-07-22 17:12:02,post,G3YfniBHvrE,facebook
9752766|2585507798141842,9752766,2018-07-22 17:32:29,post,G3YfniBHvrE,facebook
8996186|674202992920099,8996186,2018-07-22 17:41:34,post,ZR6DnYay5J8,facebook
9018678|2052791264754823,9018678,2018-07-22 17:48:57,post,UxJ4NhvHOb0,facebook
9000405|227392751223673,9000405,2018-07-22 18:08:44,post,Jq4LEIO740A,facebook
10203352|695131557505851,10203352,2018-07-22 19:21:43,post,ZR6DnYay5J8,facebook
5472627|2228476443833357,5472627,2018-07-22 20:13:03,post,Pu0Rb5tkITY,facebook
1906865|10156512545695912,1906865,2018-07-22 20:53:03,post,Jq4LEIO740A,facebook
19372991|840224732847833,19372991,2018-07-22 21:19:58,post,WSBvd9i_jAs,facebook
19372991|840224732847833,19372991,2018-07-22 21:19:58,post,NjWvUHAnwWo,facebook
19372991|840224732847833,19372991,2018-07-22 21:19:58,post,rmiEyZ9anLQ,facebook
19372991|840224732847833,19372991,2018-07-22 21:19:58,post,r4JFcB-sHv8,facebook
19372991|840224732847833,19372991,2018-07-22 21:19:58,post,-6bGXfM8-gs,facebook
12492629|1884189868305087,12492629,2018-07-22 22:02:28,post,G3YfniBHvrE,facebook
5638213|1772645942843642,5638213,2018-07-22 22:03:22,post,G3YfniBHvrE,facebook
10125195|740938162743067,10125195,2018-07-22 23:12:36,post,Jq4LEIO740A,facebook
12492629|1884287434961997,12492629,2018-07-22 23:35:30,post,3vNwe7yKbwo,facebook
5638213|1772740172834219,5638213,2018-07-22 23:36:24,post,3vNwe7yKbwo,facebook
8480815|236471700312662,8480815,2018-07-23 07:12:06,post,DPgOnD0n9uw,facebook
2387759|2152789168268251,2387759,2018-07-23 08:17:15,post,NWxo5W8pJLY,facebook
6689259|1193002680842497,6689259,2018-07-23 09:06:57,post,NWxo5W8pJLY,facebook
3050393|1141820305969292,3050393,2018-07-23 12:52:19,post,NWxo5W8pJLY,facebook
2917049|2116874921885232,2917049,2018-07-23 13:13:34,post,NWxo5W8pJLY,facebook
12832798|1665064293622155,12832798,2018-07-23 13:19:46,post,0nm1GUG90qg,facebook
10165392|209276276424909,10165392,2018-07-23 14:25:59,post,6Wj6BPlcW8c,facebook
10117791|415084295664692,10117791,2018-07-23 15:10:02,post,ZR6DnYay5J8,facebook
2387759|2153154668231701,2387759,2018-07-23 16:04:53,post,NWxo5W8pJLY,facebook
2387759|2153169248230243,2387759,2018-07-23 16:23:10,post,NWxo5W8pJLY,facebook
8849037|2172776626296076,8849037,2018-07-23 17:05:44,post,nG0VEaPFsQY,facebook
8846323|2183211065231618,8846323,2018-07-23 17:06:12,post,nG0VEaPFsQY,facebook
8835021|1104195629732452,8835021,2018-07-23 17:06:36,post,nG0VEaPFsQY,facebook
7643671|1806018522816295,7643671,2018-07-23 17:43:11,post,b8bIupYSZeU,facebook
7655029|10160500846541337,7655029,2018-07-23 17:43:41,post,b8bIupYSZeU,facebook
8480749|1919325741465759,8480749,2018-07-23 18:13:42,post,NWxo5W8pJLY,facebook
7811372|1870639503246004,7811372,2018-07-23 18:37:44,post,rz2wo9irW6k,facebook
3419034|2030385793702685,3419034,2018-07-23 19:52:53,post,NWxo5W8pJLY,facebook
4200395|1630585713737773,4200395,2018-07-23 20:55:10,post,NWxo5W8pJLY,facebook
8671527|492746697840758,8671527,2018-07-23 21:03:51,post,NWxo5W8pJLY,facebook
8671678|176505656397868,8671678,2018-07-23 23:32:13,post,NWxo5W8pJLY,facebook
7245959|208861783081099,7245959,2018-07-23 23:41:49,post,NWxo5W8pJLY,facebook
4882957|2064803400197095,4882957,2018-07-23 23:53:44,post,Jq4LEIO740A,facebook
785723|1987407444644908,785723,2018-07-24 00:54:17,post,5k6hSS6xBTw,facebook
5638235|1574665142644020,5638235,2018-07-24 03:35:34,post,Jq4LEIO740A,facebook
13149245|1668858679898492,13149245,2018-07-24 03:57:33,post,EWFk_1snEh0,facebook
8488876|2148376885439955,8488876,2018-07-24 04:26:08,post,NWxo5W8pJLY,facebook
4992290|2091932274406324,4992290,2018-07-24 06:35:06,post,NWxo5W8pJLY,facebook
7639447|1071966746313077,7639447,2018-07-24 07:46:40,post,6Wj6BPlcW8c,facebook
8671776|1887233884663090,8671776,2018-07-24 07:57:57,post,NWxo5W8pJLY,facebook
8672723|2127402184155038,8672723,2018-07-24 10:18:52,post,NWxo5W8pJLY,facebook
6830040|1966890000029152,6830040,2018-07-24 11:23:20,post,NWxo5W8pJLY,facebook
8480857|1950221361665325,8480857,2018-07-24 12:03:24,post,NWxo5W8pJLY,facebook
7897764|2068899110090579,7897764,2018-07-24 13:09:04,post,G3YfniBHvrE,facebook
6760113|1848275291927807,6760113,2018-07-24 14:45:06,post,NWxo5W8pJLY,facebook
3050352|1757219214395078,3050352,2018-07-24 17:11:23,post,NWxo5W8pJLY,facebook
2320296|1961570440552409,2320296,2018-07-24 17:39:30,post,NWxo5W8pJLY,facebook
1613006|2216590205114558,1613006,2018-07-24 17:39:49,post,NWxo5W8pJLY,facebook
6689585|2003285623055783,6689585,2018-07-24 19:50:16,post,8aAaReVn2I4,facebook
548542|1756677037764678,548542,2018-07-24 19:57:44,post,eSHSmJB7FBY,facebook
3195353|622107624829228,3195353,2018-07-24 20:53:29,post,eSHSmJB7FBY,facebook
7641596|10155727886461200,7641596,2018-07-24 21:22:29,post,w7Ugi6gS1mg,facebook
6837957|2093582300858602,6837957,2018-07-25 05:41:31,post,NWxo5W8pJLY,facebook
6179041|1607277676048714,6179041,2018-07-25 10:09:32,post,Jq4LEIO740A,facebook
12533531|2218060405091391,12533531,2018-07-25 10:10:08,post,Jq4LEIO740A,facebook
8672628|1866887596727180,8672628,2018-07-25 10:12:11,post,Jq4LEIO740A,facebook
5347117|1723097284425319,5347117,2018-07-25 10:22:06,post,rz2wo9irW6k,facebook
8480815|238421933450972,8480815,2018-07-25 13:07:50,post,b8bIupYSZeU,facebook
8995712|985371738302597,8995712,2018-07-25 14:48:42,post,NWxo5W8pJLY,facebook
1559791|1811795242223731,1559791,2018-07-25 18:04:12,post,pbe97rPRbWc,facebook
8480786|1831526033601833,8480786,2018-07-25 19:09:19,post,NWxo5W8pJLY,facebook
8480818|657473777963169,8480818,2018-07-25 20:53:46,post,NWxo5W8pJLY,facebook
10937669|2156219561304787,10937669,2018-07-25 21:30:03,post,HFjhUbaAAMk,facebook
6179041|1608766255899856,6179041,2018-07-26 08:52:43,post,Jq4LEIO740A,facebook
4171381|847355432124572,4171381,2018-07-26 09:41:22,post,NWxo5W8pJLY,facebook
2387759|2156155371264964,2387759,2018-07-26 09:48:20,post,NWxo5W8pJLY,facebook
10117737|256878418442437,10117737,2018-07-26 13:46:42,post,Xc2SyTIm8oM,facebook
8997990|2239576232943579,8997990,2018-07-26 20:37:53,post,Xc2SyTIm8oM,facebook
3314040|1762483807138173,3314040,2018-07-26 21:49:16,post,NWxo5W8pJLY,facebook
2628838|1901599676614997,2628838,2018-07-27 08:37:24,post,WSBvd9i_jAs,facebook
8480815|239906789969153,8480815,2018-07-27 09:30:52,post,9YFVxWgJKQQ,facebook
13273796|1888375624538571,13273796,2018-07-27 10:11:57,post,3vNwe7yKbwo,facebook
12500388|682279802123309,12500388,2018-07-27 15:00:01,post,VC0Wc3b_cUw,facebook
797227|1406082286203550,797227,2018-07-27 15:05:12,post,38HO20pgEMM,facebook
8480815|240326513260514,8480815,2018-07-27 18:43:08,post,JCtGqd3HgZQ,facebook
41746|1861901283901876,41746,2018-07-27 20:05:00,post,qT6IagQ7xos,facebook
6199032|2062739830655859,6199032,2018-07-27 20:39:39,post,JCtGqd3HgZQ,facebook
12917785|2146425498929676,12917785,2018-07-27 21:01:02,post,yFuJlqKIITw,facebook
7020897|1415674275201652,7020897,2018-07-28 00:21:52,post,JCtGqd3HgZQ,facebook
8421727|2049217871997466,8421727,2018-07-28 01:06:21,post,yFuJlqKIITw,facebook
2392561|1804650979653659,2392561,2018-07-28 08:12:51,post,JCtGqd3HgZQ,facebook
3420425|10156416723715995,3420425,2018-07-28 09:00:37,post,qT6IagQ7xos,facebook
10833602|861815544017371,10833602,2018-07-28 09:36:15,post,JCtGqd3HgZQ,facebook
1564907|1734048903317265,1564907,2018-07-28 15:00:53,post,VC0Wc3b_cUw,facebook
2134208|651973988517676,2134208,2018-07-28 16:20:40,post,NWxo5W8pJLY,facebook
12436469|515217788910266,12436469,2018-07-28 18:04:42,post,AbuaK_h1Mv8,facebook
12436469|515218848910160,12436469,2018-07-28 18:06:31,post,AbuaK_h1Mv8,facebook
1612989|483245298753643,1612989,2018-07-28 18:15:03,post,NWxo5W8pJLY,facebook
12022867|2073573962687319,12022867,2018-07-28 22:47:02,post,8aAaReVn2I4,facebook
12534737|1772403382813231,12534737,2018-07-29 07:53:53,post,Xc2SyTIm8oM,facebook
8490808|448506402284449,8490808,2018-07-29 08:18:53,post,NWxo5W8pJLY,facebook
8480815|241633046463194,8480815,2018-07-29 10:36:31,post,JCtGqd3HgZQ,facebook
4384371|2178506139094750,4384371,2018-07-29 12:01:24,post,NWxo5W8pJLY,facebook
8672723|2132705496958040,8672723,2018-07-29 15:35:09,post,JCtGqd3HgZQ,facebook
8480815|241930993100066,8480815,2018-07-29 15:53:22,post,JCtGqd3HgZQ,facebook
3050352|1766619256788407,3050352,2018-07-29 18:37:14,post,NWxo5W8pJLY,facebook
318216|2144555812229690,318216,2018-07-29 22:05:03,post,_gfDbrjvA-E,facebook
8375242|1001568490050227,8375242,2018-07-30 00:39:12,post,ZUS-7W4Gsbs,facebook
3409266|2107041666236211,3409266,2018-07-30 10:11:52,post,NWxo5W8pJLY,facebook
2071991|10157672139253266,2071991,2018-07-30 15:30:01,post,H16L0p9Dp1k,facebook
785723|1998627326856253,785723,2018-07-30 18:47:40,post,Heix4HluG8o,facebook
1902856|1918229348199929,1902856,2018-07-31 17:24:28,post,lKiiKtEcx9Q,facebook
2572694|885420584986830,2572694,2018-08-01 03:00:00,post,2Jb_lpdNRU8,facebook
15593907|1358140084319778,15593907,2018-08-01 08:34:18,post,Jq4LEIO740A,facebook
4200395|1644138362382508,4200395,2018-08-01 12:32:58,post,JCtGqd3HgZQ,facebook
3314040|1773024076084146,3314040,2018-08-02 14:57:35,post,NWxo5W8pJLY,facebook
7101613|826491457559112,7101613,2018-08-02 14:58:19,post,NWxo5W8pJLY,facebook
8490371|1910869429205564,8490371,2018-08-02 18:31:33,post,NWxo5W8pJLY,facebook
3314040|1773382392714981,3314040,2018-08-02 20:04:32,post,NWxo5W8pJLY,facebook
6199032|2070445853218590,6199032,2018-08-03 19:50:32,post,NWxo5W8pJLY,facebook
14538473|1867465113318633,14538473,2018-08-04 00:16:32,post,yFuJlqKIITw,facebook
16557994|712836735726532,16557994,2018-08-04 08:47:00,post,JCtGqd3HgZQ,facebook
4662005|2192719361011441,4662005,2018-08-04 11:47:57,post,usv6FRE1bdg,facebook
5472970|10160712444880346,5472970,2018-08-04 13:00:20,post,EZ3qKG9gnuI,facebook
1953463|1708426152539612,1953463,2018-08-04 13:13:09,post,usv6FRE1bdg,facebook
7645461|282185445922272,7645461,2018-08-04 19:59:28,post,EZ3qKG9gnuI,facebook
2292681|2093903387294630,2292681,2018-08-05 00:02:56,post,EZ3qKG9gnuI,facebook
8480815|249237202369445,8480815,2018-08-06 19:58:49,post,qtHY1ZoUdWU,facebook
11064856|1984517728277823,11064856,2018-08-08 06:38:02,post,amtWcEq1XHQ,facebook
8998580|1647612552013724,8998580,2018-08-08 09:13:34,post,b8bIupYSZeU,facebook
548542|1780746742024374,548542,2018-08-08 09:23:44,post,MIn6GjsHlIE,facebook
548542|1787986771300371,548542,2018-08-12 14:04:38,post,oY4e1wyu7rw,facebook
12534652|2014715861907340,12534652,2018-08-12 14:08:19,post,wV75b-j2vIQ,facebook
548542|1788032664629115,548542,2018-08-12 14:35:05,post,Ml5YUG-Tkh8,facebook
41738|10161032620435727,41738,2018-08-12 18:02:34,post,oY4e1wyu7rw,facebook
5761175|309463683122532,5761175,2018-08-12 20:04:36,post,JCtGqd3HgZQ,facebook
6378726|1831711166898665,6378726,2018-08-13 13:20:47,post,oY4e1wyu7rw,facebook
1432859|2322871577738132,1432859,2018-08-14 01:31:37,post,oY4e1wyu7rw,facebook
14930099|2132670057007408,14930099,2018-08-14 01:32:31,post,oY4e1wyu7rw,facebook
9000686|1888840824750946,9000686,2018-08-14 08:13:36,post,oY4e1wyu7rw,facebook
3050393|1171551852996137,3050393,2018-08-17 04:55:41,post,NWxo5W8pJLY,facebook
8113556|1635935533199610,8113556,2018-08-17 20:20:48,post,SvjTeuSKTW0,facebook
548542|606493556412383,548542,2018-08-18 19:35:49,post,IQPs2mOhlB4,facebook
8996186|705600636447001,8996186,2018-08-20 16:29:12,post,JtMNpnVuExM,facebook
8522601|281360425795586,8522601,2018-08-21 04:59:38,post,aCNiog385Z0,facebook
12206586|1864783976924295,12206586,2018-08-23 03:19:46,post,aCNiog385Z0,facebook
6876688|514518812293770,6876688,2018-08-23 07:46:25,post,aCNiog385Z0,facebook
10342985|10155370926686082,10342985,2018-08-23 11:00:02,post,qT6IagQ7xos,facebook
8524943|2077984202462711,8524943,2018-08-23 23:54:52,post,aCNiog385Z0,facebook
19211420|1083298185160327,19211420,2018-08-26 23:11:07,post,IVJGvd59Stc,facebook
7646502|1807354236044779,7646502,2018-08-27 01:10:21,post,IVJGvd59Stc,facebook
7848825|245747506086932,7848825,2018-08-27 12:24:51,post,qu81C4J5Wmc,facebook
8998198|2156924427965712,8998198,2018-08-27 12:30:05,post,3vNwe7yKbwo,facebook
1966996|1924249827880973,1966996,2018-08-27 12:32:26,post,3vNwe7yKbwo,facebook
8551931|1807553302692865,8551931,2018-08-27 12:34:48,post,3vNwe7yKbwo,facebook
8137173|2435846573101433,8137173,2018-08-27 12:36:57,post,3vNwe7yKbwo,facebook
7639605|2033535960030125,7639605,2018-08-27 12:37:32,post,3vNwe7yKbwo,facebook
8112657|1868083403227591,8112657,2018-08-27 12:38:40,post,3vNwe7yKbwo,facebook
8526179|1459088134235757,8526179,2018-08-27 12:49:19,post,3vNwe7yKbwo,facebook
7301744|616487658748393,7301744,2018-08-27 13:24:31,post,IVJGvd59Stc,facebook
8994068|230199840996321,8994068,2018-08-27 15:21:18,post,vPRagJKxED4,facebook
8523286|2108619705879926,8523286,2018-08-27 18:01:57,post,qu81C4J5Wmc,facebook
12436762|545525249215683,12436762,2018-08-27 19:46:55,post,qu81C4J5Wmc,facebook
12436762|545528495882025,12436762,2018-08-27 19:56:03,post,IVJGvd59Stc,facebook
8993327|2148001948751821,8993327,2018-08-27 23:01:51,post,qu81C4J5Wmc,facebook
7652333|1496718750472288,7652333,2018-08-27 23:01:57,post,qu81C4J5Wmc,facebook
8523286|2109689372439626,8523286,2018-08-28 02:42:23,post,qu81C4J5Wmc,facebook
2292681|2134415846576717,2292681,2018-08-28 02:47:17,post,qu81C4J5Wmc,facebook
7266144|1344905632307166,7266144,2018-08-28 19:51:30,post,qu81C4J5Wmc,facebook
8994979|752619461797182,8994979,2018-08-28 20:53:40,post,qu81C4J5Wmc,facebook
12914018|2043296315690888,12914018,2018-08-29 01:35:55,post,qu81C4J5Wmc,facebook
3865318|10156744008721942,3865318,2018-08-29 18:02:09,post,_h_e19jkeFE,facebook
548542|722998371381215,548542,2018-08-29 20:05:09,post,1gtUh_XDAjw,facebook
7826036|510548182690604,7826036,2018-08-30 12:39:32,post,Hc5RuD0KBWk,facebook
8776665|899073840290494,8776665,2018-08-30 18:41:57,post,DCu8mNC1JyE,facebook
9000570|1129130283907024,9000570,2018-08-31 01:07:34,post,7edMjIwLg14,facebook
8550318|1916297898459263,8550318,2018-08-31 04:30:30,post,7edMjIwLg14,facebook
8941588|1692131257562771,8941588,2018-08-31 06:14:05,post,_h_e19jkeFE,facebook
1626538|699884907019675,1626538,2018-08-31 06:14:22,post,_h_e19jkeFE,facebook
12914282|1060064094174076,12914282,2018-09-01 06:36:43,post,lC7ZxdFzdzQ,facebook
5733139|342463286154770,5733139,2018-09-01 13:48:07,post,7edMjIwLg14,facebook
548542|251989948789441,548542,2018-09-03 07:47:47,post,5zF6mrK9KJU,facebook
548576|479137885921079,548576,2018-09-03 11:23:07,post,wzqepx4eT94,facebook
1627316|2327760907285961,1627316,2018-09-04 15:05:00,post,amtWcEq1XHQ,facebook
1432859|2369927726365850,1432859,2018-09-06 13:14:40,post,oY4e1wyu7rw,facebook
12496825|1384092278360233,12496825,2018-09-06 14:31:34,post,sjp7c_6xjqs,facebook
16620097|1401541436643676,16620097,2018-09-06 16:19:45,post,oY4e1wyu7rw,facebook
8117715|1880154642051842,8117715,2018-09-06 20:20:06,post,oY4e1wyu7rw,facebook
1626538|703523366655829,1626538,2018-09-07 04:21:23,post,oY4e1wyu7rw,facebook
8997990|2279366772297858,8997990,2018-09-07 23:40:46,post,jZEC6xfBcPM,facebook
7645461|313350012805815,7645461,2018-09-08 03:20:57,post,jZEC6xfBcPM,facebook
8523286|2128497267225503,8523286,2018-09-08 13:00:37,post,jZEC6xfBcPM,facebook
8558490|1853817391380806,8558490,2018-09-09 02:32:51,post,jZEC6xfBcPM,facebook
548542|1828336713932043,548542,2018-09-09 07:37:12,post,bpiOB5ZCcAA,facebook
881741|10151116645119957,881741,2018-09-09 17:35:06,post,bpiOB5ZCcAA,facebook
3195353|661704614202862,3195353,2018-09-09 18:03:52,post,bpiOB5ZCcAA,facebook
7889609|1960367667598164,7889609,2018-09-09 19:34:53,post,bpiOB5ZCcAA,facebook
19211420|1090922337731245,19211420,2018-09-09 19:58:00,post,BbxB9TdtxBY,facebook
7824667|821892637980999,7824667,2018-09-10 16:08:52,post,jZEC6xfBcPM,facebook
2832469|2350972048253933,2832469,2018-09-10 16:42:18,post,jZEC6xfBcPM,facebook
11732910|1994258290612608,11732910,2018-09-10 22:46:38,post,jZEC6xfBcPM,facebook
3105865|1120819474750895,3105865,2018-09-11 19:32:23,post,jZEC6xfBcPM,facebook
9902835|2443708505673529,9902835,2018-09-12 08:04:38,post,jZEC6xfBcPM,facebook
4139969|2280094272020584,4139969,2018-09-12 15:25:10,post,X27B0yuazGo,facebook
4139969|2280146442015367,4139969,2018-09-12 16:21:46,post,3vNwe7yKbwo,facebook
12852084|2184096581640656,12852084,2018-09-12 16:44:56,post,vPRagJKxED4,facebook
8523286|2136216976453532,8523286,2018-09-13 03:38:49,post,N7kr5ddCuuY,facebook
8523286|2136207216454508,8523286,2018-09-13 03:38:52,post,RkJ6N97cRLs,facebook
9000686|1908305722804456,9000686,2018-09-13 07:44:15,post,CV9eHuJz-WQ,facebook
9000686|1908305749471120,9000686,2018-09-13 07:44:24,post,CV9eHuJz-WQ,facebook
2628838|1974654159309548,2628838,2018-09-13 11:53:46,post,RkJ6N97cRLs,facebook
7266144|1355290237935372,7266144,2018-09-13 12:57:00,post,RkJ6N97cRLs,facebook
2748829|1995656790725375,2748829,2018-09-14 03:04:57,post,UlONZ01SV5w,facebook
8496883|2080803298897948,8496883,2018-09-14 03:05:23,post,UlONZ01SV5w,facebook
6154209|738145676526415,6154209,2018-09-14 03:05:54,post,UlONZ01SV5w,facebook
8995170|1119463038218982,8995170,2018-09-14 06:52:48,post,jZEC6xfBcPM,facebook
8993151|1864146727008501,8993151,2018-09-14 08:01:19,post,jZEC6xfBcPM,facebook
7870183|2140398276173558,7870183,2018-09-14 12:30:02,post,X27B0yuazGo,facebook
8558490|1859683810794164,8558490,2018-09-14 15:17:35,post,jZEC6xfBcPM,facebook
8523286|2141602012581695,8523286,2018-09-16 06:41:52,post,2FUpbZXaN9w,facebook
8995214|10157777554739746,8995214,2018-09-16 06:42:28,post,2FUpbZXaN9w,facebook
16558503|1587323778040372,16558503,2018-09-16 07:30:14,post,8ypVX_8jqms,facebook
8999921|525180661267222,8999921,2018-09-16 11:12:14,post,2FUpbZXaN9w,facebook
548542|1060331287486400,548542,2018-09-16 15:29:53,post,aprbGp3Ov_E,facebook
9752766|2705609406131680,9752766,2018-09-16 16:49:51,post,mrtY8XKp2Ng,facebook
8296544|1075519525944552,8296544,2018-09-16 18:55:16,post,mrtY8XKp2Ng,facebook
8114094|10156008470271886,8114094,2018-09-16 19:00:53,post,mrtY8XKp2Ng,facebook
8525793|567444837043925,8525793,2018-09-16 19:01:06,post,mrtY8XKp2Ng,facebook
13181188|824198251304740,13181188,2018-09-16 20:01:47,post,2FUpbZXaN9w,facebook
1798686|2117876321806160,1798686,2018-09-16 20:36:55,post,2FUpbZXaN9w,facebook
5359137|709632062719427,5359137,2018-09-16 21:09:39,post,2FUpbZXaN9w,facebook
6507330|1880455925373630,6507330,2018-09-17 00:05:42,post,2FUpbZXaN9w,facebook
19211420|1094769524013193,19211420,2018-09-17 00:37:02,post,mrtY8XKp2Ng,facebook
665749|1809416529175326,665749,2018-09-17 02:08:55,post,mrtY8XKp2Ng,facebook
8525793|567853193669756,8525793,2018-09-17 09:05:00,post,RkJ6N97cRLs,facebook
7646502|1831487113631491,7646502,2018-09-17 09:05:49,post,RkJ6N97cRLs,facebook
7848825|252154492112900,7848825,2018-09-17 09:53:44,post,RkJ6N97cRLs,facebook
8551546|1604902319614390,8551546,2018-09-17 15:50:14,post,mrtY8XKp2Ng,facebook
6876640|717669661946793,6876640,2018-09-17 17:20:55,post,mrtY8XKp2Ng,facebook
8994979|762931670765961,8994979,2018-09-17 17:21:00,post,mrtY8XKp2Ng,facebook
8550261|2095360207162212,8550261,2018-09-17 17:21:02,post,mrtY8XKp2Ng,facebook
7845763|2147116852193568,7845763,2018-09-17 17:21:03,post,mrtY8XKp2Ng,facebook
8550474|242969029655102,8550474,2018-09-17 17:21:09,post,mrtY8XKp2Ng,facebook
7849332|2067738786603642,7849332,2018-09-17 17:21:15,post,mrtY8XKp2Ng,facebook
7656757|1902451359849111,7656757,2018-09-17 17:21:19,post,mrtY8XKp2Ng,facebook
7842553|2161822147404465,7842553,2018-09-17 17:21:21,post,mrtY8XKp2Ng,facebook
8936428|10155542016990966,8936428,2018-09-17 18:21:13,post,2FUpbZXaN9w,facebook
8997590|720074928338513,8997590,2018-09-17 18:44:14,post,mrtY8XKp2Ng,facebook
8994979|762962917429503,8994979,2018-09-17 18:44:27,post,mrtY8XKp2Ng,facebook
8701520|920239998186368,8701520,2018-09-17 18:44:34,post,mrtY8XKp2Ng,facebook
7655907|10155731690656127,7655907,2018-09-17 18:45:50,post,mrtY8XKp2Ng,facebook
7340087|542092882892538,7340087,2018-09-17 18:47:58,post,mrtY8XKp2Ng,facebook
8524943|2091291014465363,8524943,2018-09-17 19:12:05,post,XAIH4i_X3lM,facebook
11383328|2155867471154047,11383328,2018-09-17 19:43:05,post,XAIH4i_X3lM,facebook
11471761|1689389477836359,11471761,2018-09-17 23:09:52,post,2FUpbZXaN9w,facebook
19363743|1382111118558511,19363743,2018-09-18 04:12:37,post,XAIH4i_X3lM,facebook
548542|547025075728374,548542,2018-09-18 13:02:23,post,NUjQuKgR9pE,facebook
548576|690134274680690,548576,2018-09-18 13:52:35,post,a7OQzsYHICM,facebook
5373202|1921404154639650,5373202,2018-09-18 23:22:05,post,2FUpbZXaN9w,facebook
5253563|1929771717331046,5253563,2018-09-19 07:28:44,post,2FUpbZXaN9w,facebook
6384242|1863318893705258,6384242,2018-09-19 09:39:36,post,2FUpbZXaN9w,facebook
17195402|541425959643347,17195402,2018-09-19 19:38:29,post,XAIH4i_X3lM,facebook
12033075|909253332593618,12033075,2018-09-20 20:43:41,post,8LnVHw96jFs,facebook
2871157|1809127002534460,2871157,2018-09-21 18:21:36,post,HkHb0E3I80I,facebook
19211420|1097964110360401,19211420,2018-09-22 21:08:20,post,2m_05y1gnlU,facebook
548542|1845078655591182,548542,2018-09-23 16:12:48,post,pi-byWhJ1M4,facebook
8994729|1980555145315887,8994729,2018-09-24 15:06:05,post,b8bIupYSZeU,facebook
8994729|1980556171982451,8994729,2018-09-24 15:06:44,post,Jq4LEIO740A,facebook
8994729|1980557151982353,8994729,2018-09-24 15:07:15,post,Rf5e8OCyKZU,facebook
8994729|1980565955314806,8994729,2018-09-24 15:15:27,post,0nm1GUG90qg,facebook
14780077|2345027222179707,14780077,2018-09-24 17:28:48,post,8LnVHw96jFs,facebook
8525551|2436712223011216,8525551,2018-09-25 02:43:48,post,DCu8mNC1JyE,facebook
7853286|2362721183744980,7853286,2018-09-25 02:46:02,post,DCu8mNC1JyE,facebook
8995620|639013906495671,8995620,2018-09-25 10:44:03,post,DCu8mNC1JyE,facebook
548542|310456896352136,548542,2018-09-25 17:18:48,post,-hYQshfq510,facebook
7754145|434633150274321,7754145,2018-09-25 18:52:58,post,-hYQshfq510,facebook
12921861|2258976297450195,12921861,2018-09-26 00:19:41,post,2FUpbZXaN9w,facebook
548542|270700603771926,548542,2018-09-26 16:15:39,post,Lh3cIph9TQ8,facebook
10129027|1837092429659871,10129027,2018-09-26 20:45:56,post,2FUpbZXaN9w,facebook
8994910|2201533113252481,8994910,2018-09-26 20:53:02,post,2FUpbZXaN9w,facebook
7858186|2208490062773102,7858186,2018-09-27 03:17:20,post,b8bIupYSZeU,facebook
7646820|10156778083338179,7646820,2018-09-27 11:41:33,post,2FUpbZXaN9w,facebook
8995892|1040955166088488,8995892,2018-09-27 15:29:01,post,qT6IagQ7xos,facebook
13181172|1767761046656415,13181172,2018-09-27 15:37:04,post,qT6IagQ7xos,facebook
547201|2187664477912443,547201,2018-09-30 06:31:50,post,MfGUUJqa1YQ,facebook
5253563|1934572193517665,5253563,2018-09-30 18:51:18,post,SvjTeuSKTW0,facebook
2292687|1900560900031887,2292687,2018-10-03 10:15:20,post,hnY2hlo0x_M,facebook
8993935|289451551664180,8993935,2018-10-06 16:25:30,post,59yCfRVPCGA,facebook
548542|258907331496626,548542,2018-10-07 06:57:29,post,ft9KE_T7IPc,facebook
4099919|10155795771997967,4099919,2018-10-08 07:15:28,post,SgGNzj6rKqI,facebook
19206191|2088642171154190,19206191,2018-10-09 15:14:10,post,WPGG3P14WWk,facebook
11278789|2042129175845408,11278789,2018-10-09 17:19:43,post,WPGG3P14WWk,facebook
11277013|1087727958059922,11277013,2018-10-10 08:28:57,post,WPGG3P14WWk,facebook
11279046|2136947706624740,11279046,2018-10-10 08:29:02,post,WPGG3P14WWk,facebook
11275353|1907366696017049,11275353,2018-10-10 08:29:24,post,WPGG3P14WWk,facebook
11277054|270386590283009,11277054,2018-10-10 08:29:30,post,WPGG3P14WWk,facebook
11276459|2133741679992776,11276459,2018-10-10 08:29:36,post,WPGG3P14WWk,facebook
11275186|931774713678136,11275186,2018-10-10 08:29:50,post,WPGG3P14WWk,facebook
10252467|1702641159864412,10252467,2018-10-10 08:29:54,post,WPGG3P14WWk,facebook
10141328|2440331892674219,10141328,2018-10-10 08:31:12,post,WPGG3P14WWk,facebook
11275587|512345052562109,11275587,2018-10-10 08:32:20,post,WPGG3P14WWk,facebook
11276609|2367556826620232,11276609,2018-10-10 08:32:43,post,WPGG3P14WWk,facebook
2628838|2010611289047168,2628838,2018-10-12 10:26:35,post,TrTYOP2cDAg,facebook
1432859|2437662866259002,1432859,2018-10-13 11:47:54,post,7-SxPcJecKQ,facebook
8523286|2191007980974431,8523286,2018-10-13 11:48:15,post,7-SxPcJecKQ,facebook
10121216|1894533663917300,10121216,2018-10-13 12:23:19,post,Xq2fwjST6co,facebook
14197374|2207515956187685,14197374,2018-10-13 18:13:00,post,3wj4ncIEDxw,facebook
638107|1375199179282027,638107,2018-10-14 09:45:09,post,2GYNmLYlzKs,facebook
7650248|10155544039471459,7650248,2018-10-14 09:52:16,post,7-SxPcJecKQ,facebook
8998580|1731211436987168,8998580,2018-10-14 10:09:24,post,7-SxPcJecKQ,facebook
548544|1976652579057653,548544,2018-10-14 11:50:36,post,2GYNmLYlzKs,facebook
638107|1375296835938928,638107,2018-10-14 13:24:28,post,2fvmKoep3TU,facebook
8112657|1928822903820307,8112657,2018-10-14 20:52:46,post,7-SxPcJecKQ,facebook
8112657|1928835963819001,8112657,2018-10-14 21:07:14,post,7-SxPcJecKQ,facebook
638107|1375930075875604,638107,2018-10-15 11:21:47,post,Eq6_q8VtuDY,facebook
8843875|2295587457182365,8843875,2018-10-15 18:42:23,post,7-SxPcJecKQ,facebook
8996186|736532006687197,8996186,2018-10-15 20:25:18,post,bp3bhzp_fm0,facebook
548576|1988495374784965,548576,2018-10-16 05:32:47,post,NdrU7z74WoY,facebook
5359137|724095344606432,5359137,2018-10-16 14:27:07,post,7-SxPcJecKQ,facebook
17909357|1565493473596050,17909357,2018-10-16 16:58:16,post,qT6IagQ7xos,facebook
11826668|1944861839152960,11826668,2018-10-16 17:31:06,post,UaVsXee_cqU,facebook
2773179|325487678032138,2773179,2018-10-18 15:11:32,post,0jkqASjyN6s,facebook
3193471|1148172358683060,3193471,2018-10-18 17:57:42,post,nC2B-FCjp7w,facebook
12436646|2373006602927090,12436646,2018-10-19 14:08:37,post,3vNwe7yKbwo,facebook
3195654|946656712196403,3195654,2018-10-19 19:54:23,post,kM0s4G2Mn3M,facebook
6141636|697109773999783,6141636,2018-10-19 20:20:51,post,kM0s4G2Mn3M,facebook
1272911|854917034632369,1272911,2018-10-19 21:27:49,post,kM0s4G2Mn3M,facebook
9000686|1924487367852958,9000686,2018-10-20 11:35:46,post,NdrU7z74WoY,facebook
2924775|1123181311162346,2924775,2018-10-20 17:07:40,post,UxJ4NhvHOb0,facebook
548542|1879375185494862,548542,2018-10-21 07:56:26,post,qIEXSEBTCbk,facebook
548542|1879553345477046,548542,2018-10-21 11:29:59,post,_XmOR6XPm3U,facebook
2292681|2206599846024983,2292681,2018-10-21 23:18:59,post,bp3bhzp_fm0,facebook
548542|1882002731898774,548542,2018-10-23 08:39:29,post,9YTEDjruQEg,facebook
8488958|503841253426787,8488958,2018-10-23 09:15:14,post,bp3bhzp_fm0,facebook
2773179|327279711186268,2773179,2018-10-23 11:58:04,post,5-AsXuURRiM,facebook
8114876|10155581693551556,8114876,2018-10-24 15:15:05,post,e9FN-X7wTns,facebook
10122072|1852217808228977,10122072,2018-10-24 15:16:29,post,e9FN-X7wTns,facebook
8993262|2187265321285008,8993262,2018-10-24 16:15:39,post,e9FN-X7wTns,facebook
7877072|2006139402784449,7877072,2018-10-24 16:47:34,post,e9FN-X7wTns,facebook
8525793|587419668379775,8525793,2018-10-24 16:58:44,post,e9FN-X7wTns,facebook
1626538|727356124272553,1626538,2018-10-24 17:15:14,post,e9FN-X7wTns,facebook
12493033|10156120279403406,12493033,2018-10-24 17:20:43,post,eJRhoL8g0PY,facebook
4949675|1128242700662097,4949675,2018-10-24 17:20:58,post,e9FN-X7wTns,facebook
7867988|2167436889953762,7867988,2018-10-24 18:58:10,post,e9FN-X7wTns,facebook
9755398|345683442845097,9755398,2018-10-24 20:42:08,post,e9FN-X7wTns,facebook
7654308|1937785199624381,7654308,2018-10-24 21:10:25,post,e9FN-X7wTns,facebook
2148909|1974360592653340,2148909,2018-10-24 23:41:43,post,e9FN-X7wTns,facebook
13572530|1555710041197877,13572530,2018-10-25 00:23:58,post,e9FN-X7wTns,facebook
7647744|1151208535032863,7647744,2018-10-25 01:11:38,post,e9FN-X7wTns,facebook
4662005|2247634022186641,4662005,2018-10-25 01:30:25,post,e9FN-X7wTns,facebook
7656559|1898815023504985,7656559,2018-10-25 01:36:21,post,e9FN-X7wTns,facebook
8994032|10155551665660163,8994032,2018-10-25 03:43:49,post,e9FN-X7wTns,facebook
17195173|2241429619262666,17195173,2018-10-25 14:34:16,post,e9FN-X7wTns,facebook
6874922|1942843609134309,6874922,2018-10-25 15:20:35,post,e9FN-X7wTns,facebook
10165100|2447718278603163,10165100,2018-10-25 15:31:33,post,e9FN-X7wTns,facebook
13041255|2001030583307059,13041255,2018-10-26 02:32:09,post,e9FN-X7wTns,facebook
7651529|1924972577550759,7651529,2018-10-26 02:55:49,post,e9FN-X7wTns,facebook
14754864|2441843572516147,14754864,2018-10-26 09:15:22,post,e9FN-X7wTns,facebook
548542|1887321568033557,548542,2018-10-27 09:12:43,post,74th1MP0xNQ,facebook
9000686|1928685704099791,9000686,2018-10-29 18:13:26,post,NQL3rX6xWRg,facebook
7645461|342103363263813,7645461,2018-10-29 21:53:17,post,tAmSpf7uDTU,facebook
2230991|476657482740461,2230991,2018-10-30 19:21:01,post,SNUecbxGLno,facebook
3950240|747011108964720,3950240,2018-11-01 22:38:38,post,OBkn78q_t_Q,facebook
901739|2374812855894637,901739,2018-11-04 17:55:49,post,mrEHz1d2_ag,facebook
901739|2374812855894637,901739,2018-11-04 17:55:49,post,bRsolFRsyRk,facebook
12913946|330663517487118,12913946,2018-11-04 18:56:06,post,zsEEzbkkH00,facebook
10791571|2200969069936344,10791571,2018-11-18 17:45:23,post,c-13_Hjodq4,facebook
8485938|2173259619599720,8485938,2018-11-18 21:16:22,post,c-13_Hjodq4,facebook
10118082|1962024877184692,10118082,2018-11-30 23:19:34,post,LaHBKCUOS3I,facebook
548542|1942200969212283,548542,2018-12-05 20:12:45,post,pDv3uzYt2PQ,facebook
2312774|10156378801152025,2312774,2018-12-05 21:38:51,post,qT6IagQ7xos,facebook
2904736|1748951261875392,2904736,2018-12-06 09:14:42,post,JifBie5ZuuA,facebook
5975033|1098891256952029,5975033,2018-12-12 18:10:09,post,qT6IagQ7xos,facebook
5974445|2199383650309111,5974445,2018-12-12 18:10:18,post,qT6IagQ7xos,facebook
318216|2355966884421914,318216,2018-12-18 18:20:05,post,aZvh47gWfHg,facebook
318216|2356029011082368,318216,2018-12-18 19:20:04,post,OCrY6Q_qZUY,facebook
318216|2356178144400788,318216,2018-12-18 22:05:00,post,YxVBfYQSVUA,facebook
318216|2356242867727649,318216,2018-12-18 23:05:00,post,R_F5kFHJ0fY,facebook
318216|2357382434280359,318216,2018-12-19 17:15:06,post,gbmtPWoyT1o,facebook
548542|1962726297159750,548542,2018-12-20 16:02:08,post,Ik-182Y7ZDs,facebook
8523286|2325742174167677,8523286,2018-12-21 11:45:15,post,N2oCyYasr6Y,facebook
1432859|2577967032228584,1432859,2018-12-21 11:45:52,post,N2oCyYasr6Y,facebook
12920941|2224670767860909,12920941,2018-12-21 11:59:36,post,N2oCyYasr6Y,facebook
7653508|1836940819747718,7653508,2018-12-21 12:25:53,post,N2oCyYasr6Y,facebook
12536309|1878069905648298,12536309,2018-12-21 15:42:17,post,thxkhGqTdPg,facebook
7639605|2192960670754319,7639605,2018-12-21 18:26:08,post,thxkhGqTdPg,facebook
8512409|2095306923841527,8512409,2018-12-21 18:26:24,post,thxkhGqTdPg,facebook
7653508|1837572216351245,7653508,2018-12-21 22:29:10,post,N2oCyYasr6Y,facebook
14930099|2216619181945828,14930099,2018-12-22 17:25:12,post,thxkhGqTdPg,facebook
8318482|535408450274746,8318482,2018-12-22 17:42:22,post,thxkhGqTdPg,facebook
6154182|1779203365524921,6154182,2018-12-22 19:10:44,post,2FUpbZXaN9w,facebook
8649166|693804107679990,8649166,2018-12-22 19:11:17,post,2FUpbZXaN9w,facebook
7648785|1026927980847353,7648785,2018-12-22 19:11:52,post,2FUpbZXaN9w,facebook
9000686|1956952707939757,9000686,2018-12-24 01:32:46,post,thxkhGqTdPg,facebook
15252751|2327090430846022,15252751,2018-12-24 18:48:19,post,thxkhGqTdPg,facebook
8994670|1834284236694542,8994670,2018-12-26 01:41:54,post,thxkhGqTdPg,facebook
3877023|1569929223151239,3877023,2018-12-26 12:54:38,post,thxkhGqTdPg,facebook
318216|2368408726511063,318216,2018-12-26 22:05:03,post,Yl5zuFgVGmw,facebook
1396947|2089225391123906,1396947,2018-12-27 03:43:29,post,nFpgkhfAl3k,facebook
10120713|376127903143697,10120713,2018-12-27 16:16:31,post,thxkhGqTdPg,facebook
9048889|2110865495639296,9048889,2018-12-28 11:01:27,post,thxkhGqTdPg,facebook
11010071|1921593711288406,11010071,2018-12-28 15:53:00,post,thxkhGqTdPg,facebook
7866666|10157979661069097,7866666,2018-12-28 17:09:48,post,thxkhGqTdPg,facebook
7648785|1031093540430797,7648785,2018-12-29 06:57:52,post,thxkhGqTdPg,facebook
12921451|722004184849059,12921451,2018-12-31 01:02:26,post,thxkhGqTdPg,facebook
8996186|782450475428683,8996186,2018-12-31 18:11:23,post,jZEC6xfBcPM,facebook
8996186|782742882066109,8996186,2019-01-01 03:53:03,post,N2oCyYasr6Y,facebook
2230991|507073376365538,2230991,2019-01-01 14:37:22,post,jZEC6xfBcPM,facebook
10127500|902503086807271,10127500,2019-01-01 18:44:22,post,jZEC6xfBcPM,facebook
1906451|2125608801085689,1906451,2019-01-01 18:48:55,post,jZEC6xfBcPM,facebook
7639605|2209090985807954,7639605,2019-01-01 18:51:03,post,jZEC6xfBcPM,facebook
2461946|2269803799958220,2461946,2019-01-03 17:10:00,post,thxkhGqTdPg,facebook
8672537|2416943998378851,8672537,2019-01-04 00:53:36,post,thxkhGqTdPg,facebook
2392561|2047771718674916,2392561,2019-01-05 20:17:20,post,thxkhGqTdPg,facebook
8993151|2019595041463668,8993151,2019-01-06 08:08:29,post,0yG0aeniwhE,facebook
8480815|314001639226334,8480815,2019-01-06 12:43:17,post,0yG0aeniwhE,facebook
318216|2384573161561286,318216,2019-01-06 17:05:00,post,zZX63gclkPg,facebook
318216|2385793868105882,318216,2019-01-07 06:05:02,post,zZX63gclkPg,facebook
4575470|606913846411067,4575470,2019-01-08 08:26:15,post,thxkhGqTdPg,facebook
318216|2386296398055629,318216,2019-01-08 11:05:00,post,zZX63gclkPg,facebook
9000593|302238343734162,9000593,2019-01-08 19:45:16,post,0yG0aeniwhE,facebook
318216|2386299391388663,318216,2019-01-09 10:05:00,post,zZX63gclkPg,facebook
12924174|1141142446064023,12924174,2019-01-09 13:24:04,post,0yG0aeniwhE,facebook
2392561|2056340861151335,2392561,2019-01-09 20:47:35,post,nWSlhcTR_AY,facebook
8522002|2517975511552502,8522002,2019-01-09 20:48:19,post,nWSlhcTR_AY,facebook
318216|2386300978055171,318216,2019-01-10 11:05:00,post,zZX63gclkPg,facebook
10118082|2019502514770261,10118082,2019-01-10 22:12:04,post,RrH40nCcjwE,facebook
2274777|1198012590366986,2274777,2019-01-11 04:04:06,post,nWSlhcTR_AY,facebook
6179038|2479768178717618,6179038,2019-01-11 12:35:16,post,nWSlhcTR_AY,facebook
7750597|2500024513347708,7750597,2019-01-11 18:01:26,post,RrH40nCcjwE,facebook
8998138|1159768747530279,8998138,2019-01-11 18:02:07,post,RrH40nCcjwE,facebook
10119362|1348959621912492,10119362,2019-01-11 18:04:25,post,RrH40nCcjwE,facebook
318216|2391956244156311,318216,2019-01-11 21:05:00,post,zZX63gclkPg,facebook
318216|2386326528052616,318216,2019-01-12 10:35:00,post,zZX63gclkPg,facebook
548542|1999217786843934,548542,2019-01-16 09:42:04,post,71Q3hYgJGYM,facebook
10153795|2330484947167954,10153795,2019-01-17 11:42:07,post,0set3MBuXZY,facebook
6689495|2271425512916775,6689495,2019-01-17 12:00:01,post,nWSlhcTR_AY,facebook
2904736|1804876296282888,2904736,2019-01-17 19:56:01,post,0set3MBuXZY,facebook
4172880|2424379337604364,4172880,2019-01-18 12:06:49,post,DCu8mNC1JyE,facebook
6179038|2496543770373392,6179038,2019-01-21 09:35:02,post,nWSlhcTR_AY,facebook
8672103|2235922216650300,8672103,2019-01-21 09:36:04,post,nWSlhcTR_AY,facebook
8671650|2330744137156551,8671650,2019-01-21 10:31:02,post,nWSlhcTR_AY,facebook
2785438|2143324489068930,2785438,2019-01-21 10:39:46,post,nWSlhcTR_AY,facebook
8672272|957340317804982,8672272,2019-01-21 16:22:05,post,nWSlhcTR_AY,facebook
548542|2007513652681014,548542,2019-01-22 10:29:52,post,EmuZAWE-jhA,facebook
8480815|321318865161278,8480815,2019-01-24 16:36:22,post,nWSlhcTR_AY,facebook
10108839|2020408821360925,10108839,2019-01-25 23:11:10,post,qT6IagQ7xos,facebook
548542|2017348431697536,548542,2019-01-29 09:35:03,post,vgqypzGhozo,facebook
3195353|736111913428798,3195353,2019-01-29 12:24:31,post,vgqypzGhozo,facebook
548542|2018690874896625,548542,2019-01-30 08:50:42,post,RokRB7tuZiA,facebook
8717056|975612615964150,8717056,2019-01-30 16:33:07,post,thxkhGqTdPg,facebook
13025894|2350850988272738,13025894,2019-01-31 10:19:03,post,yI2s9Ow2snE,facebook
8996659|1327311157424488,8996659,2019-02-02 15:50:55,post,yI2s9Ow2snE,facebook
760472|2281649121853282,760472,2019-02-03 19:52:52,post,TWLYHwgX_-s,facebook
3307516|1482017328595111,3307516,2019-02-03 19:52:59,post,TWLYHwgX_-s,facebook
850009|953941288132529,850009,2019-02-03 19:53:06,post,TWLYHwgX_-s,facebook
331003|2179738502086127,331003,2019-02-03 19:53:14,post,TWLYHwgX_-s,facebook
5359140|331975400993113,5359140,2019-02-04 23:13:23,post,2FUpbZXaN9w,facebook
15252112|2281554158730484,15252112,2019-02-06 19:25:18,post,qT6IagQ7xos,facebook
12223793|707731462957040,12223793,2019-02-13 21:51:43,post,qT6IagQ7xos,facebook
3534552|1791152004323141,3534552,2019-02-15 15:19:55,post,jNIp1lZwJts,facebook
5253553|886746198323628,5253553,2019-02-17 10:20:55,post,CYflh9ltqDY,facebook
6622245|1008420362680105,6622245,2019-02-17 12:30:01,post,CYflh9ltqDY,facebook
7862097|2775201692704219,7862097,2019-02-17 17:27:32,post,CYflh9ltqDY,facebook
8550616|605863549876737,8550616,2019-02-17 17:28:14,post,CYflh9ltqDY,facebook
8550604|328728617766634,8550604,2019-02-17 17:28:31,post,CYflh9ltqDY,facebook
8509431|565054904000462,8509431,2019-02-17 17:28:50,post,CYflh9ltqDY,facebook
8509493|1968928986747802,8509493,2019-02-17 17:29:34,post,CYflh9ltqDY,facebook
7861908|2289331431345826,7861908,2019-02-17 17:29:57,post,CYflh9ltqDY,facebook
8509462|1239677382849103,8509462,2019-02-17 17:31:56,post,CYflh9ltqDY,facebook
6622245|1008420836013391,6622245,2019-02-17 17:44:00,post,CYflh9ltqDY,facebook
10122072|2025169474267142,10122072,2019-02-17 18:57:01,post,CYflh9ltqDY,facebook
6622245|1008421406013334,6622245,2019-02-17 19:45:00,post,CYflh9ltqDY,facebook
5661827|2068724546542260,5661827,2019-02-17 21:05:27,post,CYflh9ltqDY,facebook
9000032|10155892724972382,9000032,2019-02-18 18:20:13,post,WPGG3P14WWk,facebook
5785621|585479808585156,5785621,2019-02-18 22:52:41,post,CYflh9ltqDY,facebook
548542|2048913918540987,548542,2019-02-19 16:46:20,post,0m9GGl2ifEY,facebook
7844587|2353922914628168,7844587,2019-02-20 13:30:25,post,JsMWPg9Fca4,facebook
1117976|2148704175192299,1117976,2019-02-21 09:32:26,post,WUbNHtRCo1w,facebook
4943542|2368889896673236,4943542,2019-02-21 09:35:57,post,WUbNHtRCo1w,facebook
548542|2053565681409144,548542,2019-02-22 18:08:27,post,KqDm_Y4AJTM,facebook
5621081|1999207953718359,5621081,2019-02-23 19:31:11,post,JsMWPg9Fca4,facebook
8996753|2555125677862251,8996753,2019-02-23 19:51:11,post,JsMWPg9Fca4,facebook
6699923|2092049544164269,6699923,2019-02-24 09:39:31,post,JsMWPg9Fca4,facebook
8116112|1878849795559820,8116112,2019-02-24 13:23:35,post,JsMWPg9Fca4,facebook
8996186|815513458789051,8996186,2019-02-24 16:19:57,post,JsMWPg9Fca4,facebook
11370889|583200725487172,11370889,2019-02-26 12:21:46,post,lKiiKtEcx9Q,facebook
12913946|380594369160699,12913946,2019-02-27 01:45:34,post,JsMWPg9Fca4,facebook
548542|2065188080246904,548542,2019-03-02 20:09:12,post,71xH3qr3TlU,facebook
12220273|566065840538504,12220273,2019-03-03 08:50:10,post,71xH3qr3TlU,facebook
7755778|2426446560921040,7755778,2019-03-03 11:40:40,post,71xH3qr3TlU,facebook
548542|2071430646289314,548542,2019-03-07 08:31:16,post,jldEZa8Va24,facebook
9000686|1995956637372697,9000686,2019-03-08 07:48:55,post,wx3I8S9ih1M,facebook
8511235|2285492138139021,8511235,2019-03-08 17:46:37,post,wx3I8S9ih1M,facebook
548542|2074203539345358,548542,2019-03-09 07:57:18,post,mhzGba5KRJ0,facebook
548542|2074844915947887,548542,2019-03-09 19:07:25,post,a2dGyBu70Vc,facebook
548542|2075608315871547,548542,2019-03-10 09:56:13,post,9anm4j6BTWM,facebook
548542|2077194409046271,548542,2019-03-11 15:41:33,post,6Kb-S9M6bl0,facebook
8525793|668241023630972,8525793,2019-03-12 18:36:43,post,yp8Ati-uYpM,facebook
8523286|2497252577016635,8523286,2019-03-13 03:07:33,post,yp8Ati-uYpM,facebook
548542|2080498742049171,548542,2019-03-14 11:13:38,post,aoB5x2u2Xb4,facebook
7754145|515295622208073,7754145,2019-03-14 15:42:02,post,aoB5x2u2Xb4,facebook
12453283|2572867602754800,12453283,2019-03-14 17:36:49,post,R6utDs1b_TU,facebook
55960|2273860662664508,55960,2019-03-14 17:37:14,post,R6utDs1b_TU,facebook
12853856|2177856132303083,12853856,2019-03-14 17:37:23,post,R6utDs1b_TU,facebook
12924645|2383719731658984,12924645,2019-03-14 17:37:51,post,R6utDs1b_TU,facebook
548542|2081720318593680,548542,2019-03-15 07:35:59,post,jhnVzqnLHPc,facebook
548542|2096798777085834,548542,2019-03-25 10:32:46,post,q_kISdtdRyo,facebook
548542|2102534969845548,548542,2019-03-29 10:22:56,post,n3PzpXgGSuc,facebook
16323707|2316726381721484,16323707,2019-03-29 13:00:01,post,3wj4ncIEDxw,facebook
760472|2364105403607653,760472,2019-03-30 12:03:35,post,noN_5hd5fyA,facebook
3307516|1521857411277769,3307516,2019-03-30 12:03:42,post,noN_5hd5fyA,facebook
850009|985325304994127,850009,2019-03-30 12:03:48,post,noN_5hd5fyA,facebook
331003|2262476923812284,331003,2019-03-30 12:03:55,post,noN_5hd5fyA,facebook
11387891|774906752894768,11387891,2019-04-06 16:51:48,post,Mc3CYYRwY-k,facebook
548542|2116628825102829,548542,2019-04-07 23:21:35,post,rZONYGhXvvE,facebook
548542|2117651205000591,548542,2019-04-08 16:10:29,post,GgJjvkyJegc,facebook
8511514|2015198851873336,8511514,2019-04-09 14:10:17,post,e9FN-X7wTns,facebook
14785621|2133729016723547,14785621,2019-04-09 16:50:22,post,_CU-d0PtKMo,facebook
14564817|723021554762491,14564817,2019-04-09 16:50:53,post,_CU-d0PtKMo,facebook
14586968|385433985629580,14586968,2019-04-09 17:34:51,post,_CU-d0PtKMo,facebook
16323707|2337725262954929,16323707,2019-04-11 11:45:00,post,3wj4ncIEDxw,facebook
548542|2126317894133922,548542,2019-04-14 15:01:07,post,QLl5h7tln40,facebook
10153795|2389578021258646,10153795,2019-04-15 10:46:54,post,Jq4LEIO740A,facebook
8997308|2869578866400550,8997308,2019-04-15 11:24:03,post,Jq4LEIO740A,facebook
8523286|2569206623154563,8523286,2019-04-15 22:17:48,post,KSeHbaK9chw,facebook
6699923|2164671456902077,6699923,2019-04-15 22:21:35,post,KSeHbaK9chw,facebook
9000686|2016009142034113,9000686,2019-04-15 23:19:50,post,KSeHbaK9chw,facebook
14930099|2287024891571923,14930099,2019-04-16 01:42:04,post,KSeHbaK9chw,facebook
63120|2358483870863703,63120,2019-04-16 03:40:29,post,KSeHbaK9chw,facebook
3880423|2263486657251304,3880423,2019-04-23 02:20:38,post,NQL3rX6xWRg,facebook
548542|2139589579473420,548542,2019-04-23 05:00:37,post,ZMaEeJcsQgA,facebook
3880423|2263795700553733,3880423,2019-04-23 15:10:20,post,NQL3rX6xWRg,facebook
4475099|1939369456169483,4475099,2019-04-24 02:12:54,post,NQL3rX6xWRg,facebook
548542|2141385709293807,548542,2019-04-24 09:51:14,post,i1PcUS6fS8c,facebook
548667|587133231772910,548667,2019-04-25 08:53:48,post,HOGm-680mjo,facebook
11820307|2345910972307359,11820307,2019-04-25 10:35:58,post,HOGm-680mjo,facebook
13635671|2365762406788268,13635671,2019-04-26 16:00:00,post,rC971Xor3sk,facebook
3195654|1063915373803869,3195654,2019-04-27 21:56:13,post,Txja8Z-u_PA,facebook
548542|2148891758543202,548542,2019-04-29 06:49:37,post,5HH5oHEcVEk,facebook
